﻿<?xml version="1.0" encoding="utf-8" standalone="no"?>
<manifest identifier="_6atc4DnnrL5_course_id" version="1.3" xmlns="http://www.imsglobal.org/xsd/imscp_v1p1" xmlns:adlcp="http://www.adlnet.org/xsd/adlcp_v1p3" xmlns:adlseq="http://www.adlnet.org/xsd/adlseq_v1p3" xmlns:adlnav="http://www.adlnet.org/xsd/adlnav_v1p3" xmlns:imsss="http://www.imsglobal.org/xsd/imsss" xmlns:xsi="http://www.w3.org/2001/XMLSchema-instance" xsi:schemaLocation="http://www.imsglobal.org/xsd/imscp_v1p1 imscp_v1p1.xsd
                        http://www.adlnet.org/xsd/adlcp_v1p3 adlcp_v1p3.xsd
                        http://www.adlnet.org/xsd/adlseq_v1p3 adlseq_v1p3.xsd
                        http://www.adlnet.org/xsd/adlnav_v1p3 adlnav_v1p3.xsd
                        http://www.imsglobal.org/xsd/imsss imsss_v1p0.xsd">
  <metadata>
    <schema>ADL SCORM</schema>
    <schemaversion>CAM 1.3</schemaversion>
    <adlcp:location>metadata.xml</adlcp:location>
  </metadata>
  <organizations default="BCS-Soporte-Operativo_ORG">
    <organization identifier="BCS-Soporte-Operativo_ORG" adlseq:objectivesGlobalToSystem="false">
      <title>BCS-Soporte-Operativo</title>
      <item identifier="EE_RED1_SCO" identifierref="__6atc4DnnrL5_course_id_RES" isvisible="true">
        <title>BCS-Soporte-Operativo</title>
      </item>
      <metadata>
        <adlcp:location>metadata.xml</adlcp:location>
      </metadata>
      <imsss:sequencing>
        <imsss:controlMode choice="true" flow="true" />
        <imsss:deliveryControls tracked="true" completionSetByContent="false" objectiveSetByContent="false" />
      </imsss:sequencing>
    </organization>
  </organizations>
  <resources>
    <resource identifier="__6atc4DnnrL5_course_id_RES" type="webcontent" adlcp:scormType="sco" href="index_lms.html">
      <file href="story_content/thumbnail.jpg" />
      <file href="story_content/5qCa03wu1xU_80_DX656_DY656.swf" />
      <file href="mobile/5qCa03wu1xU_80_DX656_DY656_CX358_CY66.png" />
      <file href="story_content/6DRsRK7KhVS_80_DX452_DY452.swf" />
      <file href="mobile/6DRsRK7KhVS_80_DX452_DY452_CX242_CY243.png" />
      <file href="story_content/5d7TiUTvJTD_80_P_0_0_803_636_DX1474_DY1474.swf" />
      <file href="mobile/5d7TiUTvJTD_80_P_0_0_803_636_DX1474_DY1474_CX803_CY636.png" />
      <file href="story_content/62oDdQQH9Zb_80_DX46_DY46.swf" />
      <file href="mobile/62oDdQQH9Zb_80_DX46_DY46_CX27_CY28.png" />
      <file href="story_content/6X9VJ5GpvfR_80_DX1962_DY1962.swf" />
      <file href="mobile/6X9VJ5GpvfR_80_DX1962_DY1962_CX672_CY61.png" />
      <file href="story_content/5gTPDP9b1Mk_80_DX52_DY52.swf" />
      <file href="mobile/5gTPDP9b1Mk_80_DX52_DY52_CX26_CY27.png" />
      <file href="story_content/5eSnRrewtuK_80_DX56_DY56.swf" />
      <file href="mobile/5eSnRrewtuK_80_DX56_DY56_CX28_CY24.png" />
      <file href="story_content/5enPjXKBSYL_80_DX296_DY296.swf" />
      <file href="mobile/5enPjXKBSYL_80_DX296_DY296_CX168_CY144.png" />
      <file href="story_content/6iopNaJ1B6O_80_P_21_12_70_80_DX186_DY186.swf" />
      <file href="mobile/6iopNaJ1B6O_80_P_21_12_70_80_DX186_DY186_CX71_CY81.png" />
      <file href="story_content/6Pj9iyWSmDl_80_DX94_DY94.swf" />
      <file href="mobile/6Pj9iyWSmDl_80_DX94_DY94_CX47_CY47.png" />
      <file href="story_content/5bWbbxgduoU_80_DX146_DY146.swf" />
      <file href="mobile/5bWbbxgduoU_80_DX146_DY146_CX84_CY75.png" />
      <file href="story_content/5XYOjPSp05N_80_DX68_DY68.swf" />
      <file href="mobile/5XYOjPSp05N_80_DX68_DY68_CX40_CY40.png" />
      <file href="story_content/5bWbbxgduoU_80_R82EEFF_DX146_DY146.swf" />
      <file href="mobile/5bWbbxgduoU_80_R82EEFF_DX146_DY146_CX84_CY75.png" />
      <file href="story_content/5qmw3L06BGI_X_80_RG_P_483_27_550_522_DX2068_DY2068.swf" />
      <file href="mobile/5qmw3L06BGI_X_80_RG_P_483_27_550_522_DX2068_DY2068_CX550_CY523.png" />
      <file href="story_content/5jLoYvJMh4k_80_DX1360_DY1360.swf" />
      <file href="mobile/5jLoYvJMh4k_80_DX1360_DY1360_CX547_CY724.png" />
      <file href="story_content/6JwdqnL4U6e_80_DX856_DY856.swf" />
      <file href="mobile/6JwdqnL4U6e_80_DX856_DY856_CX453_CY339.png" />
      <file href="story_content/6oA8Tke2V2C_80_RG_DX508_DY508.swf" />
      <file href="mobile/6oA8Tke2V2C_80_RG_DX508_DY508_CX209_CY254.png" />
      <file href="story_content/6AveXVRbywX_80_RG_DX508_DY508.swf" />
      <file href="mobile/6AveXVRbywX_80_RG_DX508_DY508_CX128_CY259.png" />
      <file href="story_content/6at82um9e61_80_RG_DX512_DY512.swf" />
      <file href="mobile/6at82um9e61_80_RG_DX512_DY512_CX152_CY266.png" />
      <file href="story_content/5a1sFk9ZiJc_80_DX520_DY520.swf" />
      <file href="mobile/5a1sFk9ZiJc_80_DX520_DY520_CX198_CY269.png" />
      <file href="story_content/5a1sFk9ZiJc_80_RG_DX520_DY520.swf" />
      <file href="mobile/5a1sFk9ZiJc_80_RG_DX520_DY520_CX198_CY269.png" />
      <file href="story_content/6iopNaJ1B6O_80_DX186_DY186.swf" />
      <file href="mobile/6iopNaJ1B6O_80_DX186_DY186_CX92_CY93.png" />
      <file href="story_content/6at82um9e61_80_DX512_DY512.swf" />
      <file href="mobile/6at82um9e61_80_DX512_DY512_CX152_CY266.png" />
      <file href="story_content/6oA8Tke2V2C_80_DX508_DY508.swf" />
      <file href="mobile/6oA8Tke2V2C_80_DX508_DY508_CX209_CY254.png" />
      <file href="story_content/6AveXVRbywX_80_DX508_DY508.swf" />
      <file href="mobile/6AveXVRbywX_80_DX508_DY508_CX128_CY259.png" />
      <file href="story_content/5qmw3L06BGI_80_P_184_0_850_550_DX2068_DY2068.swf" />
      <file href="mobile/5qmw3L06BGI_80_P_184_0_850_550_DX2068_DY2068_CX850_CY550.png" />
      <file href="story_content/6QHlSQleltB_80_P_0_0_440_691_DX2094_DY2094.swf" />
      <file href="mobile/6QHlSQleltB_80_P_0_0_440_691_DX2094_DY2094_CX440_CY692.png" />
      <file href="story_content/66FbjMPVqVm_80_DX806_DY806.swf" />
      <file href="mobile/66FbjMPVqVm_80_DX806_DY806_CX422_CY226.png" />
      <file href="story_content/685vKLXrfuu_80_DX268_DY268.swf" />
      <file href="mobile/685vKLXrfuu_80_DX268_DY268_CX106_CY107.png" />
      <file href="story_content/6KVvUHNtGqY_80_DX140_DY140.swf" />
      <file href="mobile/6KVvUHNtGqY_80_DX140_DY140_CX65_CY70.png" />
      <file href="story_content/6azMjHuJ84j_80_P_0_0_663_645_DX1596_DY1596.swf" />
      <file href="mobile/6azMjHuJ84j_80_P_0_0_663_645_DX1596_DY1596_CX664_CY645.png" />
      <file href="mobile/685vKLXrfuu_80_DX268_DY268_CX180_CY182.png" />
      <file href="story_content/6njpL457KJ7_80_P_0_0_524_721_DX1188_DY1188.swf" />
      <file href="mobile/6njpL457KJ7_80_P_0_0_524_721_DX1188_DY1188_CX525_CY721.png" />
      <file href="story_content/5eSnRrewtuK_80_R98FFF4_DX56_DY56.swf" />
      <file href="mobile/5eSnRrewtuK_80_R98FFF4_DX56_DY56_CX28_CY24.png" />
      <file href="story_content/6Uaudzx7Uyi_80_DX364_DY364.swf" />
      <file href="mobile/6Uaudzx7Uyi_80_DX364_DY364_CX182_CY136.png" />
      <file href="story_content/6Uaudzx7Uyi_80_RG_DX364_DY364.swf" />
      <file href="mobile/6Uaudzx7Uyi_80_RG_DX364_DY364_CX182_CY136.png" />
      <file href="story_content/5pfBAjPdaG7_80_DX322_DY322.swf" />
      <file href="mobile/5pfBAjPdaG7_80_DX322_DY322_CX161_CY169.png" />
      <file href="story_content/5pfBAjPdaG7_80_RG_DX322_DY322.swf" />
      <file href="mobile/5pfBAjPdaG7_80_RG_DX322_DY322_CX161_CY169.png" />
      <file href="story_content/6RwdSiYbPLp_80_DX360_DY360.swf" />
      <file href="mobile/6RwdSiYbPLp_80_DX360_DY360_CX203_CY153.png" />
      <file href="story_content/6RwdSiYbPLp_80_RG_DX360_DY360.swf" />
      <file href="mobile/6RwdSiYbPLp_80_RG_DX360_DY360_CX203_CY153.png" />
      <file href="story_content/6dobT8G59le_80_DX318_DY318.swf" />
      <file href="mobile/6dobT8G59le_80_DX318_DY318_CX176_CY181.png" />
      <file href="story_content/6dobT8G59le_80_RG_DX318_DY318.swf" />
      <file href="mobile/6dobT8G59le_80_RG_DX318_DY318_CX176_CY181.png" />
      <file href="story_content/5deiLmDVTXk_80_DX284_DY284.swf" />
      <file href="mobile/5deiLmDVTXk_80_DX284_DY284_CX122_CY150.png" />
      <file href="story_content/5deiLmDVTXk_80_RG_DX284_DY284.swf" />
      <file href="mobile/5deiLmDVTXk_80_RG_DX284_DY284_CX122_CY150.png" />
      <file href="story_content/6VkFYNzVCL7_80_P_0_0_1142_800_DX2148_DY2148.swf" />
      <file href="mobile/6VkFYNzVCL7_80_P_0_0_1142_800_DX2148_DY2148_CX1142_CY800.png" />
      <file href="story_content/68uyqXtM46t_80_DX682_DY682.swf" />
      <file href="mobile/68uyqXtM46t_80_DX682_DY682_CX385_CY361.png" />
      <file href="story_content/6jHHbBFaTQj_80_P_0_0_330_470_DX1552_DY1552.swf" />
      <file href="mobile/6jHHbBFaTQj_80_P_0_0_330_470_DX1552_DY1552_CX330_CY471.png" />
      <file href="story_content/5hUwx8WODVi_80_DX158_DY158.swf" />
      <file href="mobile/5hUwx8WODVi_80_DX158_DY158_CX79_CY70.png" />
      <file href="story_content/5poMUtDLZ95_80_P_0_0_1507_734_DX3390_DY3390.swf" />
      <file href="mobile/5poMUtDLZ95_80_P_0_0_1507_734_DX3390_DY3390_CX1508_CY734.png" />
      <file href="story_content/6XSAgk95baF_80_P_0_0_268_396_DX1342_DY1342.swf" />
      <file href="mobile/6XSAgk95baF_80_P_0_0_268_396_DX1342_DY1342_CX268_CY396.png" />
      <file href="story_content/6aoq62ofF8y_80_DX204_DY204.swf" />
      <file href="mobile/6aoq62ofF8y_80_DX204_DY204_CX99_CY102.png" />
      <file href="story_content/5poMUtDLZ95_80_RC0C8D8_P_0_0_1507_734_DX3390_DY3390.swf" />
      <file href="mobile/5poMUtDLZ95_80_RC0C8D8_P_0_0_1507_734_DX3390_DY3390_CX1508_CY734.png" />
      <file href="story_content/6YgXADte2M7_X_80_P_-4_0_1146_700_DX1784_DY1784.swf" />
      <file href="mobile/6YgXADte2M7_X_80_P_-4_0_1146_700_DX1784_DY1784_CX1146_CY700.png" />
      <file href="story_content/5eqjIeVz6yk_80_P_0_51_869_598_DX1738_DY1738.swf" />
      <file href="mobile/5eqjIeVz6yk_80_P_0_51_869_598_DX1738_DY1738_CX869_CY599.png" />
      <file href="story_content/6jHHbBFaTQj_80_P_0_0_330_775_DX1552_DY1552.swf" />
      <file href="mobile/6jHHbBFaTQj_80_P_0_0_330_775_DX1552_DY1552_CX330_CY775.png" />
      <file href="story_content/6XSAgk95baF_80_DX1342_DY1342.swf" />
      <file href="mobile/6XSAgk95baF_80_DX1342_DY1342_CX268_CY671.png" />
      <file href="story_content/61o2H4m4veZ_80_DX1326_DY1326.swf" />
      <file href="mobile/61o2H4m4veZ_80_DX1326_DY1326_CX671_CY651.png" />
      <file href="story_content/61HBGFriUCm_80_RAAC2FF_P_0_0_1507_735_DX3836_DY3836.swf" />
      <file href="mobile/61HBGFriUCm_80_RAAC2FF_P_0_0_1507_735_DX3836_DY3836_CX1507_CY735.png" />
      <file href="story_content/5zi8oVhiy0M_80_P_0_0_821_567_DX1718_DY1718.swf" />
      <file href="mobile/5zi8oVhiy0M_80_P_0_0_821_567_DX1718_DY1718_CX822_CY567.png" />
      <file href="story_content/5zi8oVhiy0M_80_R98FFF4_P_0_0_821_567_DX1718_DY1718.swf" />
      <file href="mobile/5zi8oVhiy0M_80_R98FFF4_P_0_0_821_567_DX1718_DY1718_CX822_CY567.png" />
      <file href="story_content/61HBGFriUCm_80_RAAC2FF_P_175_0_1332_735_DX3836_DY3836.swf" />
      <file href="mobile/61HBGFriUCm_80_RAAC2FF_P_175_0_1332_735_DX3836_DY3836_CX1332_CY735.png" />
      <file href="story_content/6eLOqAkvzS0_80_DX2218_DY2218.swf" />
      <file href="mobile/6eLOqAkvzS0_80_DX2218_DY2218_CX1600_CY900.png" />
      <file href="mobile/5enPjXKBSYL_80_DX296_DY296_CX126_CY108.png" />
      <file href="story_content/6SP7AGxfUyU_80_DX1350_DY1350.swf" />
      <file href="mobile/6SP7AGxfUyU_80_DX1350_DY1350_CX787_CY726.png" />
      <file href="story_content/5i122KbX6NW_80_DX1256_DY1256.swf" />
      <file href="mobile/5i122KbX6NW_80_DX1256_DY1256_CX787_CY722.png" />
      <file href="mobile/5enPjXKBSYL_80_DX296_DY296_CX111_CY95.png" />
      <file href="story_content/65x5T6BRw7j_80_DX1346_DY1346.swf" />
      <file href="mobile/65x5T6BRw7j_80_DX1346_DY1346_CX1009_CY877.png" />
      <file href="story_content/5WdndwApvuH_80_RS_P_0_0_839_428_DX1678_DY1678.swf" />
      <file href="mobile/5WdndwApvuH_80_RS_P_0_0_839_428_DX1678_DY1678_CX839_CY429.png" />
      <file href="story_content/5cAlxdsWSrC_80_DX70_DY70.swf" />
      <file href="mobile/5cAlxdsWSrC_80_DX70_DY70_CX52_CY52.png" />
      <file href="story_content/5cAlxdsWSrC_80_RS_DX70_DY70.swf" />
      <file href="mobile/5cAlxdsWSrC_80_RS_DX70_DY70_CX52_CY52.png" />
      <file href="story_content/5cAlxdsWSrC_80_RG_DX70_DY70.swf" />
      <file href="mobile/5cAlxdsWSrC_80_RG_DX70_DY70_CX52_CY52.png" />
      <file href="mobile/6Pj9iyWSmDl_80_DX94_DY94_CX37_CY37.png" />
      <file href="story_content/62WAOXdXHz2_80_P_67_50_1361_892_DX796_DY796.swf" />
      <file href="mobile/62WAOXdXHz2_80_P_67_50_1361_892_DX796_DY796_CX549_CY360.png" />
      <file href="story_content/6HikskJsEbd_80_P_206_135_4050_3100_DX1412_DY1412.swf" />
      <file href="mobile/6HikskJsEbd_80_P_206_135_4050_3100_DX1412_DY1412_CX972_CY744.png" />
      <file href="story_content/5poMUtDLZ95_80_P_538_0_1509_734_DX3390_DY3390.swf" />
      <file href="mobile/5poMUtDLZ95_80_P_538_0_1509_734_DX3390_DY3390_CX1510_CY734.png" />
      <file href="story_content/6LeGCFSdXSA_80_P_67_50_1361_1041_DX822_DY822.swf" />
      <file href="mobile/6LeGCFSdXSA_80_P_67_50_1361_1041_DX822_DY822_CX564_CY431.png" />
      <file href="story_content/6VoKeFToAY0_80_P_215_117_4050_3150_DX1416_DY1416.swf" />
      <file href="mobile/6VoKeFToAY0_80_P_215_117_4050_3150_DX1416_DY1416_CX972_CY756.png" />
      <file href="story_content/6DbpZCWL0nG_80_P_504_0_967_800_DX2238_DY2238.swf" />
      <file href="mobile/6DbpZCWL0nG_80_P_504_0_967_800_DX2238_DY2238_CX968_CY800.png" />
      <file href="story_content/5VfwrTeWbcf_80_DX888_DY888.swf" />
      <file href="mobile/5VfwrTeWbcf_80_DX888_DY888_CX444_CY126.png" />
      <file href="story_content/6iffDt0c4Qo_80_P_0_0_265_636_DX2168_DY2168.swf" />
      <file href="mobile/6iffDt0c4Qo_80_P_0_0_265_636_DX2168_DY2168_CX265_CY637.png" />
      <file href="story_content/6oPp02iCev6_80_DX140_DY140.swf" />
      <file href="mobile/6oPp02iCev6_80_DX140_DY140_CX39_CY70.png" />
      <file href="story_content/5VdYNUHHgwH_X_80_P_79_0_574_440_DX1308_DY1308.swf" />
      <file href="mobile/5VdYNUHHgwH_X_80_P_79_0_574_440_DX1308_DY1308_CX574_CY441.png" />
      <file href="story_content/5lgIbCMCrtm_80_DX764_DY764.swf" />
      <file href="mobile/5lgIbCMCrtm_80_DX764_DY764_CX382_CY270.png" />
      <file href="story_content/5tTD84F2u4N_80_DX1874_DY1874.jpg" />
      <file href="mobile/5tTD84F2u4N_80_DX1874_DY1874_CX1405_CY995.jpg" />
      <file href="story_content/6DbpZCWL0nG_X_80_P_57_0_1414_800_DX2238_DY2238.swf" />
      <file href="mobile/6DbpZCWL0nG_X_80_P_57_0_1414_800_DX2238_DY2238_CX1414_CY800.png" />
      <file href="story_content/6jHHbBFaTQj_X_80_DX1552_DY1552.swf" />
      <file href="mobile/6jHHbBFaTQj_X_80_DX1552_DY1552_CX330_CY776.png" />
      <file href="story_content/6QjXXsrceG0_80_P_0_114_1620_785_DX2518_DY2518.swf" />
      <file href="mobile/6QjXXsrceG0_80_P_0_114_1620_785_DX2518_DY2518_CX1620_CY786.png" />
      <file href="story_content/64Mq7tQpitV_80_P_157_44_337_502_DX1182_DY1182.swf" />
      <file href="mobile/64Mq7tQpitV_80_P_157_44_337_502_DX1182_DY1182_CX337_CY502.png" />
      <file href="story_content/6OGZAnHw9zG_80_P_91_232_1310_269_DX1394_DY1394.swf" />
      <file href="mobile/6OGZAnHw9zG_80_P_91_232_1310_269_DX1394_DY1394_CX935_CY192.png" />
      <file href="story_content/5qmw3L06BGI_80_P_320_0_632_550_DX2068_DY2068.swf" />
      <file href="mobile/5qmw3L06BGI_80_P_320_0_632_550_DX2068_DY2068_CX632_CY550.png" />
      <file href="story_content/6bAGlpFveJd_80_P_0_0_319_652_DX2090_DY2090.swf" />
      <file href="mobile/6bAGlpFveJd_80_P_0_0_319_652_DX2090_DY2090_CX319_CY653.png" />
      <file href="story_content/6qLxF760d1u_80_DX948_DY948.swf" />
      <file href="mobile/6qLxF760d1u_80_DX948_DY948_CX474_CY201.png" />
      <file href="story_content/5lz7K4PzZoc_80_DX140_DY140.swf" />
      <file href="mobile/5lz7K4PzZoc_80_DX140_DY140_CX49_CY70.png" />
      <file href="story_content/6azMjHuJ84j_80_P_253_0_686_645_DX1596_DY1596.swf" />
      <file href="mobile/6azMjHuJ84j_80_P_253_0_686_645_DX1596_DY1596_CX686_CY645.png" />
      <file href="story_content/6njpL457KJ7_80_P_0_0_629_721_DX1188_DY1188.swf" />
      <file href="mobile/6njpL457KJ7_80_P_0_0_629_721_DX1188_DY1188_CX630_CY721.png" />
      <file href="story_content/5poMUtDLZ95_80_R0062E9_P_0_0_1507_734_DX3390_DY3390.swf" />
      <file href="mobile/5poMUtDLZ95_80_R0062E9_P_0_0_1507_734_DX3390_DY3390_CX1508_CY734.png" />
      <file href="story_content/5WdndwApvuH_X_80_RG_P_320_0_518_433_DX1678_DY1678.swf" />
      <file href="mobile/5WdndwApvuH_X_80_RG_P_320_0_518_433_DX1678_DY1678_CX519_CY433.png" />
      <file href="story_content/6cvGpum8Fjv_80_DX1180_DY1180.swf" />
      <file href="mobile/6cvGpum8Fjv_80_DX1180_DY1180_CX297_CY661.png" />
      <file href="story_content/5WdndwApvuH_80_RG_P_337_0_501_433_DX1678_DY1678.swf" />
      <file href="mobile/5WdndwApvuH_80_RG_P_337_0_501_433_DX1678_DY1678_CX502_CY433.png" />
      <file href="story_content/5oqqb4K2sqE_80_DX720_DY720.jpg" />
      <file href="mobile/5oqqb4K2sqE_80_DX720_DY720_CX411_CY540.jpg" />
      <file href="story_content/63PboohHYUB_80_DX1396_DY1396.swf" />
      <file href="mobile/63PboohHYUB_80_DX1396_DY1396_CX661_CY702.png" />
      <file href="story_content/5Vozmctdpxc_80_DX2218_DY2218.swf" />
      <file href="mobile/5Vozmctdpxc_80_DX2218_DY2218_CX1600_CY900.png" />
      <file href="story_content/5idI1bHrIIE_80_DX1168_DY1168.swf" />
      <file href="mobile/5idI1bHrIIE_80_DX1168_DY1168_CX754_CY774.png" />
      <file href="story_content/5n9Ef51Vilq_80_P_0_0_757_777_DX1248_DY1248.swf" />
      <file href="mobile/5n9Ef51Vilq_80_P_0_0_757_777_DX1248_DY1248_CX757_CY777.png" />
      <file href="story_content/6YUjfuciyQD_80_DX1508_DY1508.swf" />
      <file href="mobile/6YUjfuciyQD_80_DX1508_DY1508_CX874_CY723.png" />
      <file href="story_content/6l786fq8lKB_80_DX1566_DY1566.swf" />
      <file href="mobile/6l786fq8lKB_80_DX1566_DY1566_CX880_CY717.png" />
      <file href="story_content/6OjturWzcRp_80_P_0_0_863_708_DX1540_DY1540.swf" />
      <file href="mobile/6OjturWzcRp_80_P_0_0_863_708_DX1540_DY1540_CX864_CY708.png" />
      <file href="story_content/6HIpESgfONC_80_DX1532_DY1532.swf" />
      <file href="mobile/6HIpESgfONC_80_DX1532_DY1532_CX877_CY714.png" />
      <file href="story_content/6nY3KXbyrts_80_DX2218_DY2218.swf" />
      <file href="mobile/6nY3KXbyrts_80_DX2218_DY2218_CX1600_CY900.png" />
      <file href="story_content/6MMdcRktqaP_80_DX1528_DY1528.swf" />
      <file href="mobile/6MMdcRktqaP_80_DX1528_DY1528_CX878_CY717.png" />
      <file href="story_content/5b8WcumBRHC_80_DX1534_DY1534.swf" />
      <file href="mobile/5b8WcumBRHC_80_DX1534_DY1534_CX874_CY711.png" />
      <file href="story_content/6hZLwfeYtbR_80_DX1248_DY1248.swf" />
      <file href="mobile/6hZLwfeYtbR_80_DX1248_DY1248_CX754_CY780.png" />
      <file href="story_content/5qmw3L06BGI_80_P_197_0_836_550_DX2068_DY2068.swf" />
      <file href="mobile/5qmw3L06BGI_80_P_197_0_836_550_DX2068_DY2068_CX836_CY550.png" />
      <file href="story_content/6QHlSQleltB_80_P_0_0_440_1182_DX2094_DY2094.swf" />
      <file href="mobile/6QHlSQleltB_80_P_0_0_440_1182_DX2094_DY2094_CX325_CY873.png" />
      <file href="story_content/5qmw3L06BGI_80_P_496_0_456_550_DX2068_DY2068.swf" />
      <file href="mobile/5qmw3L06BGI_80_P_496_0_456_550_DX2068_DY2068_CX456_CY550.png" />
      <file href="story_content/6QO2bOPJ9Es_80_DX114_DY114.swf" />
      <file href="mobile/6QO2bOPJ9Es_80_DX114_DY114_CX49_CY61.png" />
      <file href="story_content/6QjXXsrceG0_80_P_0_0_1620_786_DX2518_DY2518.swf" />
      <file href="mobile/6QjXXsrceG0_80_P_0_0_1620_786_DX2518_DY2518_CX1620_CY786.png" />
      <file href="story_content/6AwVYGoKAWJ_80_DX722_DY722.swf" />
      <file href="mobile/6AwVYGoKAWJ_80_DX722_DY722_CX361_CY278.png" />
      <file href="story_content/6UzDPI8AOsM_80_DX1784_DY1784.jpg" />
      <file href="mobile/6UzDPI8AOsM_80_DX1784_DY1784_CX1158_CY893.jpg" />
      <file href="story_content/6TdH0fZoKAd_80_P_0_0_1600_852_DX2162_DY2162.swf" />
      <file href="mobile/6TdH0fZoKAd_80_P_0_0_1600_852_DX2162_DY2162_CX1600_CY853.png" />
      <file href="story_content/69vjdWp2m9I_80_DX2214_DY2214.swf" />
      <file href="mobile/69vjdWp2m9I_80_DX2214_DY2214_CX1600_CY900.png" />
      <file href="story_content/62TIBsX7daA_80_P_0_0_1600_853_DX2218_DY2218.swf" />
      <file href="mobile/62TIBsX7daA_80_P_0_0_1600_853_DX2218_DY2218_CX1600_CY854.png" />
      <file href="story_content/6SSrfow6X7w_80_DX2216_DY2216.swf" />
      <file href="mobile/6SSrfow6X7w_80_DX2216_DY2216_CX1600_CY900.png" />
      <file href="story_content/5xZRmi66Gca_80_P_0_0_1600_819_DX2218_DY2218.swf" />
      <file href="mobile/5xZRmi66Gca_80_P_0_0_1600_819_DX2218_DY2218_CX1600_CY820.png" />
      <file href="story_content/6p9QAuXsyq7_80_P_0_0_873_951_DX1238_DY1238.swf" />
      <file href="mobile/6p9QAuXsyq7_80_P_0_0_873_951_DX1238_DY1238_CX809_CY882.png" />
      <file href="story_content/5poMUtDLZ95_80_P_0_0_1510_734_DX3390_DY3390.swf" />
      <file href="mobile/5poMUtDLZ95_80_P_0_0_1510_734_DX3390_DY3390_CX1511_CY734.png" />
      <file href="story_content/6gHtBUPJmDQ_80_DX662_DY662.swf" />
      <file href="mobile/6gHtBUPJmDQ_80_DX662_DY662_CX370_CY286.png" />
      <file href="story_content/6Y23eK5qbgz_80_DX1716_DY1716.jpg" />
      <file href="mobile/6Y23eK5qbgz_80_DX1716_DY1716_CX1154_CY893.jpg" />
      <file href="story_content/6R1It2k1egZ_80_DX1414_DY1414.swf" />
      <file href="mobile/6R1It2k1egZ_80_DX1414_DY1414_CX1060_CY621.png" />
      <file href="story_content/6QHlSQleltB_80_P_0_0_440_683_DX2094_DY2094.swf" />
      <file href="mobile/6QHlSQleltB_80_P_0_0_440_683_DX2094_DY2094_CX440_CY684.png" />
      <file href="story_content/5qmw3L06BGI_80_P_0_0_656_550_DX2068_DY2068.swf" />
      <file href="mobile/5qmw3L06BGI_80_P_0_0_656_550_DX2068_DY2068_CX656_CY550.png" />
      <file href="story_content/6kJfB4f23Tg_X_80_P_0_0_1391_1171_DX1218_DY1218.swf" />
      <file href="mobile/6kJfB4f23Tg_X_80_P_0_0_1391_1171_DX1218_DY1218_CX853_CY719.png" />
      <file href="story_content/6jHHbBFaTQj_80_P_0_0_330_376_DX1552_DY1552.swf" />
      <file href="mobile/6jHHbBFaTQj_80_P_0_0_330_376_DX1552_DY1552_CX330_CY376.png" />
      <file href="story_content/5qmw3L06BGI_80_P_184_0_586_550_DX2068_DY2068.swf" />
      <file href="mobile/5qmw3L06BGI_80_P_184_0_586_550_DX2068_DY2068_CX587_CY550.png" />
      <file href="story_content/62KJW5Ifuaf_X_80_DX912_DY912.swf" />
      <file href="mobile/62KJW5Ifuaf_X_80_DX912_DY912_CX289_CY684.png" />
      <file href="story_content/6DbpZCWL0nG_80_RG_P_0_0_1209_800_DX2238_DY2238.swf" />
      <file href="mobile/6DbpZCWL0nG_80_RG_P_0_0_1209_800_DX2238_DY2238_CX1209_CY800.png" />
      <file href="story_content/6OzRFUfniG5_80_DX1136_DY1136.swf" />
      <file href="mobile/6OzRFUfniG5_80_DX1136_DY1136_CX472_CY778.png" />
      <file href="story_content/6Hl4sF0X9Zb_80_DX1184_DY1184.swf" />
      <file href="mobile/6Hl4sF0X9Zb_80_DX1184_DY1184_CX370_CY791.png" />
      <file href="mobile/6OzRFUfniG5_80_DX1136_DY1136_CX450_CY742.png" />
      <file href="story_content/6ZrAEfJL9U1_80_DX220_DY220.swf" />
      <file href="mobile/6ZrAEfJL9U1_80_DX220_DY220_CX110_CY110.png" />
      <file href="story_content/6QjXXsrceG0_80_RG_P_0_31_1620_786_DX2518_DY2518.swf" />
      <file href="mobile/6QjXXsrceG0_80_RG_P_0_31_1620_786_DX2518_DY2518_CX1620_CY786.png" />
      <file href="mobile/6OzRFUfniG5_80_DX1136_DY1136_CX516_CY851.png" />
      <file href="mobile/685vKLXrfuu_80_DX268_DY268_CX166_CY168.png" />
      <file href="story_content/6QHlSQleltB_80_P_0_0_440_710_DX2094_DY2094.swf" />
      <file href="mobile/6QHlSQleltB_80_P_0_0_440_710_DX2094_DY2094_CX440_CY711.png" />
      <file href="story_content/6GNs1d26vJD_80_DX2218_DY2218.swf" />
      <file href="mobile/6GNs1d26vJD_80_DX2218_DY2218_CX1600_CY900.png" />
      <file href="story_content/5vIU6L6n9b7_80_P_419_184_762_531_DX3128_DY3128.swf" />
      <file href="mobile/5vIU6L6n9b7_80_P_419_184_762_531_DX3128_DY3128_CX763_CY532.png" />
      <file href="story_content/674V6BQX3el_80_P_419_184_761_530_DX3134_DY3134.swf" />
      <file href="mobile/674V6BQX3el_80_P_419_184_761_530_DX3134_DY3134_CX762_CY531.png" />
      <file href="story_content/6MFwe25QxSC_80_P_419_184_762_542_DX3130_DY3130.swf" />
      <file href="mobile/6MFwe25QxSC_80_P_419_184_762_542_DX3130_DY3130_CX762_CY543.png" />
      <file href="story_content/6emp0hLlFIa_80_P_419_184_761_530_DX3132_DY3132.swf" />
      <file href="mobile/6emp0hLlFIa_80_P_419_184_761_530_DX3132_DY3132_CX762_CY531.png" />
      <file href="story_content/5vx8Z5QbSn5_80_P_0_0_912_182_DX1364_DY1364.swf" />
      <file href="mobile/5vx8Z5QbSn5_80_P_0_0_912_182_DX1364_DY1364_CX912_CY183.png" />
      <file href="story_content/5aTWS2QWbZ1_80_P_0_966_5763_4058_DX1362_DY1362.swf" />
      <file href="mobile/5aTWS2QWbZ1_80_P_0_966_5763_4058_DX1362_DY1362_CX1020_CY718.png" />
      <file href="story_content/5enPjXKBSYL_80_DX298_DY298.swf" />
      <file href="mobile/5enPjXKBSYL_80_DX298_DY298_CX223_CY192.png" />
      <file href="story_content/6QjXXsrceG0_80_P_4_51_1605_782_DX2518_DY2518.swf" />
      <file href="mobile/6QjXXsrceG0_80_P_4_51_1605_782_DX2518_DY2518_CX1605_CY782.png" />
      <file href="story_content/5rExIGepTYL_80_DX382_DY382.swf" />
      <file href="mobile/5rExIGepTYL_80_DX382_DY382_CX286_CY211.png" />
      <file href="story_content/5e6Wc0cz3mL_80_DX384_DY384.swf" />
      <file href="mobile/5e6Wc0cz3mL_80_DX384_DY384_CX232_CY288.png" />
      <file href="story_content/6almnFSD1DZ_80_DX366_DY366.swf" />
      <file href="mobile/6almnFSD1DZ_80_DX366_DY366_CX274_CY202.png" />
      <file href="story_content/6dDLwfAuiKw_80_DX1778_DY1778.swf" />
      <file href="mobile/6dDLwfAuiKw_80_DX1778_DY1778_CX1153_CY893.png" />
      <file href="story_content/6H12uJWHUkp_80_P_0_28_808_840_DX1438_DY1438.swf" />
      <file href="mobile/6H12uJWHUkp_80_P_0_28_808_840_DX1438_DY1438_CX808_CY841.png" />
      <file href="story_content/6mspBgOvtbK_80_DX1810_DY1810.swf" />
      <file href="mobile/6mspBgOvtbK_80_DX1810_DY1810_CX1052_CY809.png" />
      <file href="story_content/5qmw3L06BGI_80_P_-4_0_840_550_DX2068_DY2068.swf" />
      <file href="mobile/5qmw3L06BGI_80_P_-4_0_840_550_DX2068_DY2068_CX840_CY550.png" />
      <file href="story_content/6QHlSQleltB_80_DX2094_DY2094.swf" />
      <file href="mobile/6QHlSQleltB_80_DX2094_DY2094_CX331_CY886.png" />
      <file href="story_content/5rk8VyDRWgS_80_P_47_89_659_341_DX1484_DY1484.swf" />
      <file href="mobile/5rk8VyDRWgS_80_P_47_89_659_341_DX1484_DY1484_CX659_CY342.png" />
      <file href="story_content/5qmw3L06BGI_80_P_-35_0_987_550_DX2068_DY2068.swf" />
      <file href="mobile/5qmw3L06BGI_80_P_-35_0_987_550_DX2068_DY2068_CX988_CY550.png" />
      <file href="story_content/6VkFYNzVCL7_80_P_397_0_745_800_DX2148_DY2148.swf" />
      <file href="mobile/6VkFYNzVCL7_80_P_397_0_745_800_DX2148_DY2148_CX648_CY696.png" />
      <file href="story_content/5Yr6LF2RlZN_80_P_0_0_291_540_DX1408_DY1408.swf" />
      <file href="mobile/5Yr6LF2RlZN_80_P_0_0_291_540_DX1408_DY1408_CX291_CY540.png" />
      <file href="story_content/6JcMaNsb9jG_80_DX1866_DY1866.swf" />
      <file href="mobile/6JcMaNsb9jG_80_DX1866_DY1866_CX1399_CY503.png" />
      <file href="story_content/5eqjIeVz6yk_80_P_0_89_869_560_DX1738_DY1738.swf" />
      <file href="mobile/5eqjIeVz6yk_80_P_0_89_869_560_DX1738_DY1738_CX869_CY560.png" />
      <file href="story_content/5kLX2lCoLy4_80_DX1152_DY1152.swf" />
      <file href="mobile/5kLX2lCoLy4_80_DX1152_DY1152_CX361_CY762.png" />
      <file href="story_content/6QjXXsrceG0_80_P_0_31_1619_789_DX2518_DY2518.swf" />
      <file href="mobile/6QjXXsrceG0_80_P_0_31_1619_789_DX2518_DY2518_CX1620_CY790.png" />
      <file href="story_content/61HBGFriUCm_80_R82EEFF_P_0_0_1507_735_DX3836_DY3836.swf" />
      <file href="mobile/61HBGFriUCm_80_R82EEFF_P_0_0_1507_735_DX3836_DY3836_CX1507_CY735.png" />
      <file href="story_content/63roGCRCrc4_80_P_219_0_1393_374_DX2062_DY2062.swf" />
      <file href="mobile/63roGCRCrc4_80_P_219_0_1393_374_DX2062_DY2062_CX1336_CY359.png" />
      <file href="story_content/5qADsz5Xd3a_80_DX1064_DY1064.swf" />
      <file href="mobile/5qADsz5Xd3a_80_DX1064_DY1064_CX730_CY420.png" />
      <file href="story_content/6RmHVUuz4en_80_P_0_0_928_1159_DX656_DY656.swf" />
      <file href="mobile/6RmHVUuz4en_80_P_0_0_928_1159_DX656_DY656_CX394_CY492.png" />
      <file href="story_content/5ed8EQX53nY_80_DX1376_DY1376.swf" />
      <file href="mobile/5ed8EQX53nY_80_DX1376_DY1376_CX725_CY934.png" />
      <file href="story_content/6Cp0YlJojed_80_P_132_0_437_398_DX666_DY666.swf" />
      <file href="mobile/6Cp0YlJojed_80_P_132_0_437_398_DX666_DY666_CX334_CY304.png" />
      <file href="story_content/6BpeJYjmPdH_80_P_30_0_400_358_DX500_DY500.swf" />
      <file href="mobile/6BpeJYjmPdH_80_P_30_0_400_358_DX500_DY500_CX334_CY299.png" />
      <file href="story_content/6MCwtD2hMRK_80_P_0_0_421_377_DX476_DY476.swf" />
      <file href="mobile/6MCwtD2hMRK_80_P_0_0_421_377_DX476_DY476_CX334_CY299.png" />
      <file href="story_content/60MBIPLnVbC_80_P_0_0_427_382_DX446_DY446.swf" />
      <file href="mobile/60MBIPLnVbC_80_P_0_0_427_382_DX446_DY446_CX334_CY299.png" />
      <file href="story_content/6ldJdxB1vhd_80_P_0_0_449_389_DX472_DY472.swf" />
      <file href="mobile/6ldJdxB1vhd_80_P_0_0_449_389_DX472_DY472_CX346_CY300.png" />
      <file href="story_content/5ip8Eglz0Dn_X_80_P_0_0_340_602_DX2176_DY2176.swf" />
      <file href="mobile/5ip8Eglz0Dn_X_80_P_0_0_340_602_DX2176_DY2176_CX340_CY602.png" />
      <file href="story_content/65TS30mp7j1_X_80_P_0_0_400_525_DX1344_DY1344.swf" />
      <file href="mobile/65TS30mp7j1_X_80_P_0_0_400_525_DX1344_DY1344_CX400_CY525.png" />
      <file href="story_content/6NFhbkkoucM_X_80_P_550_149_1456_709_DX3508_DY3508.swf" />
      <file href="mobile/6NFhbkkoucM_X_80_P_550_149_1456_709_DX3508_DY3508_CX1457_CY710.png" />
      <file href="story_content/5oVcaRE0g9t_80_DX208_DY208.swf" />
      <file href="mobile/5oVcaRE0g9t_80_DX208_DY208_CX156_CY156.png" />
      <file href="story_content/5auvtIkTPc1_80_P_0_43_1242_834_DX2492_DY2492.swf" />
      <file href="mobile/5auvtIkTPc1_80_P_0_43_1242_834_DX2492_DY2492_CX1243_CY834.png" />
      <file href="story_content/6LIOGw8i1cD_80_P_22_0_684_681_DX1808_DY1808.swf" />
      <file href="mobile/6LIOGw8i1cD_80_P_22_0_684_681_DX1808_DY1808_CX684_CY681.png" />
      <file href="story_content/64pzb3DFtoQ_80_P_0_0_475_459_DX1028_DY1028.swf" />
      <file href="mobile/64pzb3DFtoQ_80_P_0_0_475_459_DX1028_DY1028_CX475_CY460.png" />
      <file href="story_content/5kdGn5ciDu4_80_P_0_60_1903_926_DX2500_DY2500.swf" />
      <file href="mobile/5kdGn5ciDu4_80_P_0_60_1903_926_DX2500_DY2500_CX1873_CY912.png" />
      <file href="story_content/6NFhbkkoucM_80_P_550_149_1456_709_DX3508_DY3508.swf" />
      <file href="mobile/6NFhbkkoucM_80_P_550_149_1456_709_DX3508_DY3508_CX1457_CY710.png" />
      <file href="story_content/6IGePhih21A_80_DX1378_DY1378.swf" />
      <file href="mobile/6IGePhih21A_80_DX1378_DY1378_CX836_CY650.png" />
      <file href="story_content/61w5Z0710bw_80_DX542_DY542.swf" />
      <file href="mobile/61w5Z0710bw_80_DX542_DY542_CX155_CY271.png" />
      <file href="story_content/6fZVMS6C0WW_80_DX476_DY476.swf" />
      <file href="mobile/6fZVMS6C0WW_80_DX476_DY476_CX79_CY238.png" />
      <file href="story_content/6fywXAv8Jpu_80_P_0_57_945_829_DX1258_DY1258.swf" />
      <file href="mobile/6fywXAv8Jpu_80_P_0_57_945_829_DX1258_DY1258_CX943_CY828.png" />
      <file href="mobile/6Hl4sF0X9Zb_80_DX1184_DY1184_CX415_CY887.png" />
      <file href="story_content/6MSCvVEXt6Q_80_DX1168_DY1168.swf" />
      <file href="mobile/6MSCvVEXt6Q_80_DX1168_DY1168_CX218_CY762.png" />
      <file href="story_content/6r3HKZ6r6hS_80_P_0_0_459_352_DX962_DY962.swf" />
      <file href="mobile/6r3HKZ6r6hS_80_P_0_0_459_352_DX962_DY962_CX459_CY352.png" />
      <file href="story_content/6DbpZCWL0nG_80_RG_DX2238_DY2238.swf" />
      <file href="mobile/6DbpZCWL0nG_80_RG_DX2238_DY2238_CX1472_CY800.png" />
      <file href="story_content/5rk8VyDRWgS_X_80_P_47_89_659_341_DX1484_DY1484.swf" />
      <file href="mobile/5rk8VyDRWgS_X_80_P_47_89_659_341_DX1484_DY1484_CX659_CY342.png" />
      <file href="story_content/5poMUtDLZ95_80_R98FFF4_P_0_0_1507_734_DX3390_DY3390.swf" />
      <file href="mobile/5poMUtDLZ95_80_R98FFF4_P_0_0_1507_734_DX3390_DY3390_CX1508_CY734.png" />
      <file href="mobile/5ed8EQX53nY_80_DX1376_DY1376_CX325_CY419.png" />
      <file href="story_content/5qmw3L06BGI_80_P_208_0_744_550_DX2068_DY2068.swf" />
      <file href="mobile/5qmw3L06BGI_80_P_208_0_744_550_DX2068_DY2068_CX744_CY550.png" />
      <file href="story_content/6bAGlpFveJd_80_P_0_0_319_765_DX2090_DY2090.swf" />
      <file href="mobile/6bAGlpFveJd_80_P_0_0_319_765_DX2090_DY2090_CX319_CY766.png" />
      <file href="story_content/5hHYoPFiuXz_80_P_46_33_1360_878_DX800_DY800.swf" />
      <file href="mobile/5hHYoPFiuXz_80_P_46_33_1360_878_DX800_DY800_CX557_CY360.png" />
      <file href="story_content/5xEmtsrFZsm_80_P_212_119_4500_3450_DX1460_DY1460.swf" />
      <file href="mobile/5xEmtsrFZsm_80_P_212_119_4500_3450_DX1460_DY1460_CX1002_CY768.png" />
      <file href="story_content/6EeObbAmQDQ_80_P_0_134_460_548_DX2100_DY2100.swf" />
      <file href="mobile/6EeObbAmQDQ_80_P_0_134_460_548_DX2100_DY2100_CX461_CY548.png" />
      <file href="story_content/5qj3xlZciPl_80_P_287_0_423_517_DX1422_DY1422.swf" />
      <file href="mobile/5qj3xlZciPl_80_P_287_0_423_517_DX1422_DY1422_CX423_CY517.png" />
      <file href="story_content/5qmw3L06BGI_80_P_408_0_543_550_DX2068_DY2068.swf" />
      <file href="mobile/5qmw3L06BGI_80_P_408_0_543_550_DX2068_DY2068_CX544_CY550.png" />
      <file href="meta.xml" />
      <file href="story_content/FontFactory.swf" />
      <file href="story_content/fonts.swf" />
      <file href="story_content/frame.xml" />
      <file href="story_content/user.js" />
      <file href="story.swf" />
      <file href="story_content/frame.swf" />
      <file href="story_content/slides/6ZXgMPSgOOE.swf" />
      <file href="story_content/slides/60xcSLYFjMU.swf" />
      <file href="story_content/slides/6iQrjYYe8P9.swf" />
      <file href="story_content/slides/5ft0u8sEKsI.swf" />
      <file href="story_content/slides/6d9Jysx9AsO.swf" />
      <file href="story_content/slides/6PuI93kLHa2.swf" />
      <file href="story_content/slides/6bgRHc8D55Y.swf" />
      <file href="story_content/slides/6JCDi0keYvq.swf" />
      <file href="story_content/slides/6TYn9gFwGtL.swf" />
      <file href="story_content/slides/6buOf8PbVpo.swf" />
      <file href="story_content/slides/5XLgrAlDY12.swf" />
      <file href="story_content/slides/6LUwrn0xtu4.swf" />
      <file href="story_content/slides/5a8QbO8MiER.swf" />
      <file href="story_content/slides/5v5R1wiVfHQ.swf" />
      <file href="story_content/slides/5gv5LGs9sU4.swf" />
      <file href="story_content/slides/65eAjApPFj7.swf" />
      <file href="story_content/slides/6mql8O3vyZ5.swf" />
      <file href="story_content/slides/6AQK7NPP2kB.swf" />
      <file href="story_content/slides/62wPb5cxfO6.swf" />
      <file href="story_content/slides/5W6molpwgDY.swf" />
      <file href="story_content/slides/5qCAOG7Dyfd.swf" />
      <file href="story_content/slides/5oacdCq3jc4.swf" />
      <file href="story_content/slides/6NIgM3C8kgX.swf" />
      <file href="story_content/slides/6J0ttqN9Anl.swf" />
      <file href="story_content/slides/5qVg5QBsBub.swf" />
      <file href="story_content/slides/6Tn3YLf7JOJ.swf" />
      <file href="story_content/slides/5Xh0JVCfMNU.swf" />
      <file href="story_content/slides/5ZtbLuLqfCS.swf" />
      <file href="story_content/slides/5u50ihSzXDm.swf" />
      <file href="story_content/slides/6I6cn5dCgpq.swf" />
      <file href="story_content/slides/5ZZiA2Gsl80.swf" />
      <file href="story_content/slides/63nhfUUNNuj.swf" />
      <file href="story_content/slides/6rIJK2JM1o5.swf" />
      <file href="story_content/slides/6mAQ5l2hA1V.swf" />
      <file href="story_content/slides/5qAVxeMzYQM.swf" />
      <file href="story_content/slides/6NEQqgYKpvZ.swf" />
      <file href="story_content/slides/5uB77cOkunj.swf" />
      <file href="story_content/slides/6FLRVN0Tw5m.swf" />
      <file href="story_content/slides/6cyFs6UkmAp.swf" />
      <file href="story_content/slides/5iri5xsSvLc.swf" />
      <file href="story_content/slides/6adgAxNR6Y1.swf" />
      <file href="story_content/slides/6A2gF7f2s1R.swf" />
      <file href="story_content/slides/5zGHX3enitU.swf" />
      <file href="story_content/slides/5nLNbqBtSrf.swf" />
      <file href="story_content/slides/5g6aPB9bosn.swf" />
      <file href="story_content/slides/5fj4wC1hIuq.swf" />
      <file href="story_content/slides/6NIzx5anuf6.swf" />
      <file href="story_content/slides/5yCeR6ypwha.swf" />
      <file href="story_content/slides/5X2bmCd0mlS.swf" />
      <file href="story_content/slides/6ZPSYQms6Qb.swf" />
      <file href="story_content/slides/5fiA4hF85uB.swf" />
      <file href="story_content/slides/6Ce2EZGguLU.swf" />
      <file href="story_content/slides/5h5lb0jxqyG.swf" />
      <file href="story_content/slides/5a3Lg9MdbRq.swf" />
      <file href="story_content/slides/6Cw49TD7zxu.swf" />
      <file href="story_content/slides/5cRbFOiPydh.swf" />
      <file href="story_content/slides/5qbDnQSLIrU.swf" />
      <file href="story_content/slides/5a7TegvAZRe.swf" />
      <file href="story_content/slides/6DUQayFFAAR.swf" />
      <file href="story_content/slides/6nrNwRReKue.swf" />
      <file href="story_content/slides/5c3i04pQqfF.swf" />
      <file href="story_content/slides/5w6Y3mqskW7.swf" />
      <file href="story_content/slides/5VEzgCNm7SG.swf" />
      <file href="story_content/slides/66tznLgbo0H.swf" />
      <file href="story_content/slides/6jN1fAGVjoS.swf" />
      <file href="story_content/slides/5f79qhCbtzR.swf" />
      <file href="story_content/slides/68jg41dCbxS.swf" />
      <file href="story_content/slides/6Tnks7YGGSd.swf" />
      <file href="story_content/slides/6DFevkc0zJx.swf" />
      <file href="story_content/slides/67WWNxxhPoC.swf" />
      <file href="story_content/slides/6W3MAOLT0io.swf" />
      <file href="story_content/slides/6fjHCooIfMN.swf" />
      <file href="story_content/slides/5VGJ0S8pxI0.swf" />
      <file href="story_content/slides/5bwrkf9r6Fe.swf" />
      <file href="story_content/slides/5ql22QyqnRw.swf" />
      <file href="story_content/slides/6GKbGAYLI0p.swf" />
      <file href="story_content/slides/6Y2behkqWlC.swf" />
      <file href="story_content/slides/6CltLNEPNra.swf" />
      <file href="story_content/slides/6ME1lc1b2t7.swf" />
      <file href="story_content/slides/63uZo85oriX.swf" />
      <file href="story_content/data.swf" />
      <file href="html5/data/css/output.min.css" />
      <file href="html5/data/js/5a3Lg9MdbRq.js" />
      <file href="html5/data/js/5a7TegvAZRe.js" />
      <file href="html5/data/js/5a8QbO8MiER.js" />
      <file href="html5/data/js/5bwrkf9r6Fe.js" />
      <file href="html5/data/js/5c3i04pQqfF.js" />
      <file href="html5/data/js/5cRbFOiPydh.js" />
      <file href="html5/data/js/5f79qhCbtzR.js" />
      <file href="html5/data/js/5fiA4hF85uB.js" />
      <file href="html5/data/js/5fj4wC1hIuq.js" />
      <file href="html5/data/js/5ft0u8sEKsI.js" />
      <file href="html5/data/js/5g6aPB9bosn.js" />
      <file href="html5/data/js/5gv5LGs9sU4.js" />
      <file href="html5/data/js/5h5lb0jxqyG.js" />
      <file href="html5/data/js/5iri5xsSvLc.js" />
      <file href="html5/data/js/5nLNbqBtSrf.js" />
      <file href="html5/data/js/5oacdCq3jc4.js" />
      <file href="html5/data/js/5qAVxeMzYQM.js" />
      <file href="html5/data/js/5qbDnQSLIrU.js" />
      <file href="html5/data/js/5qCAOG7Dyfd.js" />
      <file href="html5/data/js/5ql22QyqnRw.js" />
      <file href="html5/data/js/5qVg5QBsBub.js" />
      <file href="html5/data/js/5u50ihSzXDm.js" />
      <file href="html5/data/js/5uB77cOkunj.js" />
      <file href="html5/data/js/5v5R1wiVfHQ.js" />
      <file href="html5/data/js/5VEzgCNm7SG.js" />
      <file href="html5/data/js/5VGJ0S8pxI0.js" />
      <file href="html5/data/js/5W6molpwgDY.js" />
      <file href="html5/data/js/5w6Y3mqskW7.js" />
      <file href="html5/data/js/5X2bmCd0mlS.js" />
      <file href="html5/data/js/5Xh0JVCfMNU.js" />
      <file href="html5/data/js/5XLgrAlDY12.js" />
      <file href="html5/data/js/5yCeR6ypwha.js" />
      <file href="html5/data/js/5zGHX3enitU.js" />
      <file href="html5/data/js/5ZtbLuLqfCS.js" />
      <file href="html5/data/js/5ZZiA2Gsl80.js" />
      <file href="html5/data/js/60xcSLYFjMU.js" />
      <file href="html5/data/js/62wPb5cxfO6.js" />
      <file href="html5/data/js/63nhfUUNNuj.js" />
      <file href="html5/data/js/63uZo85oriX.js" />
      <file href="html5/data/js/65eAjApPFj7.js" />
      <file href="html5/data/js/66tznLgbo0H.js" />
      <file href="html5/data/js/67WWNxxhPoC.js" />
      <file href="html5/data/js/68jg41dCbxS.js" />
      <file href="html5/data/js/6A2gF7f2s1R.js" />
      <file href="html5/data/js/6adgAxNR6Y1.js" />
      <file href="html5/data/js/6AQK7NPP2kB.js" />
      <file href="html5/data/js/6bgRHc8D55Y.js" />
      <file href="html5/data/js/6buOf8PbVpo.js" />
      <file href="html5/data/js/6Ce2EZGguLU.js" />
      <file href="html5/data/js/6CltLNEPNra.js" />
      <file href="html5/data/js/6Cw49TD7zxu.js" />
      <file href="html5/data/js/6cyFs6UkmAp.js" />
      <file href="html5/data/js/6d9Jysx9AsO.js" />
      <file href="html5/data/js/6DFevkc0zJx.js" />
      <file href="html5/data/js/6DUQayFFAAR.js" />
      <file href="html5/data/js/6fjHCooIfMN.js" />
      <file href="html5/data/js/6FLRVN0Tw5m.js" />
      <file href="html5/data/js/6GKbGAYLI0p.js" />
      <file href="html5/data/js/6I6cn5dCgpq.js" />
      <file href="html5/data/js/6iQrjYYe8P9.js" />
      <file href="html5/data/js/6J0ttqN9Anl.js" />
      <file href="html5/data/js/6JCDi0keYvq.js" />
      <file href="html5/data/js/6jN1fAGVjoS.js" />
      <file href="html5/data/js/6LUwrn0xtu4.js" />
      <file href="html5/data/js/6mAQ5l2hA1V.js" />
      <file href="html5/data/js/6ME1lc1b2t7.js" />
      <file href="html5/data/js/6mql8O3vyZ5.js" />
      <file href="html5/data/js/6NEQqgYKpvZ.js" />
      <file href="html5/data/js/6NIgM3C8kgX.js" />
      <file href="html5/data/js/6NIzx5anuf6.js" />
      <file href="html5/data/js/6nrNwRReKue.js" />
      <file href="html5/data/js/6PuI93kLHa2.js" />
      <file href="html5/data/js/6rIJK2JM1o5.js" />
      <file href="html5/data/js/6Tn3YLf7JOJ.js" />
      <file href="html5/data/js/6Tnks7YGGSd.js" />
      <file href="html5/data/js/6TYn9gFwGtL.js" />
      <file href="html5/data/js/6W3MAOLT0io.js" />
      <file href="html5/data/js/6Y2behkqWlC.js" />
      <file href="html5/data/js/6ZPSYQms6Qb.js" />
      <file href="html5/data/js/6ZXgMPSgOOE.js" />
      <file href="html5/data/js/data.js" />
      <file href="html5/data/js/frame.js" />
      <file href="html5/data/js/paths.js" />
      <file href="html5/lib/scripts/app.min.js" />
      <file href="html5/lib/stylesheets/main.min.css" />
      <file href="html5/lib/stylesheets/mobile-fonts/open-sans-bold.woff" />
      <file href="html5/lib/stylesheets/mobile-fonts/open-sans-light.woff" />
      <file href="html5/lib/stylesheets/mobile-fonts/open-sans-regular.woff" />
      <file href="story.html" />
      <file href="story_flash.html" />
      <file href="story_html5.html" />
      <file href="analytics-frame.html" />
      <file href="story_content/blank.html" />
      <file href="story_content/story.js" />
      <file href="index_lms.html" />
      <file href="index_lms_html5.html" />
      <file href="index_lms_flash.html" />
      <file href="lms/AICCComm.html" />
      <file href="lms/AICCFunctions.js" />
      <file href="lms/API.js" />
      <file href="lms/APIConstants.js" />
      <file href="lms/blank.html" />
      <file href="lms/browsersniff.js" />
      <file href="lms/Configuration.js" />
      <file href="lms/goodbye.html" />
      <file href="lms/lms.js" />
      <file href="lms/LMSAPI.js" />
      <file href="lms/NONEFunctions.js" />
      <file href="lms/SCORM2004Functions.js" />
      <file href="lms/SCORMFunctions.js" />
      <file href="lms/UtilityFunctions.js" />
    </resource>
  </resources>
</manifest>