﻿<?xml version="1.0" encoding="utf-8"?>
<manifest identifier="_64VrwmX6bL5_course_id" version="1.0" xmlns="http://www.imsproject.org/xsd/imscp_rootv1p1p2" xmlns:adlcp="http://www.adlnet.org/xsd/adlcp_rootv1p2" xmlns:xsi="http://www.w3.org/2001/XMLSchema-instance" xsi:schemaLocation="http://www.imsproject.org/xsd/imscp_rootv1p1p2 imscp_rootv1p1p2.xsd http://www.imsglobal.org/xsd/imsmd_rootv1p2p1 imsmd_rootv1p2p1.xsd http://www.adlnet.org/xsd/adlcp_rootv1p2 adlcp_rootv1p2.xsd">
  <metadata>
    <schema>ADL SCORM</schema>
    <schemaversion>1.2</schemaversion>
    <lom xmlns="http://www.imsglobal.org/xsd/imsmd_rootv1p2p1" xmlns:xsi="http://www.w3.org/2001/XMLSchema-instance" xsi:schemaLocation="http://www.imsglobal.org/xsd/imsmd_rootv1p2p1 imsmd_rootv1p2p1.xsd">
      <general>
        <title>
          <langstring xml:lang="x-none">NEFE_RED3_OVA</langstring>
        </title>
      </general>
      <lifecycle>
        <version>
          <langstring xml:lang="x-none">1</langstring>
        </version>
        <status>
          <source>
            <langstring xml:lang="x-none">LOMv1.0</langstring>
          </source>
          <value>
            <langstring xml:lang="x-none">Final</langstring>
          </value>
        </status>
      </lifecycle>
      <metametadata>
        <metadatascheme>ADL SCORM 1.2</metadatascheme>
      </metametadata>
      <educational>
        <typicallearningtime>
          <datetime>PT0H0M0S</datetime>
        </typicallearningtime>
      </educational>
      <rights>
        <cost>
          <source>
            <langstring xml:lang="x-none">LOMv1.0</langstring>
          </source>
          <value>
            <langstring xml:lang="x-none">yes</langstring>
          </value>
        </cost>
        <copyrightandotherrestrictions>
          <source>
            <langstring xml:lang="x-none">LOMv1.0</langstring>
          </source>
          <value>
            <langstring xml:lang="x-none">yes</langstring>
          </value>
        </copyrightandotherrestrictions>
      </rights>
    </lom>
  </metadata>
  <organizations default="NEFE_RED3_OVA_ORG">
    <organization identifier="NEFE_RED3_OVA_ORG">
      <title>NEFE_RED3_OVA</title>
      <item identifier="CCS_RED_2_SCO" isvisible="true" identifierref="__64VrwmX6bL5_course_id_RES">
        <title>NEFE_RED3_OVA</title>
      </item>
    </organization>
  </organizations>
  <resources>
    <resource identifier="__64VrwmX6bL5_course_id_RES" type="webcontent" href="index_lms.html" adlcp:scormtype="sco">
      <file href="story_content/thumbnail.jpg" />
      <file href="story_content/64IE8c4FQCI_80_DX1992_DY1992.swf" />
      <file href="mobile/64IE8c4FQCI_80_DX1992_DY1992_CX996_CY175.png" />
      <file href="story_content/6EtyENwpIxQ_80_DX414_DY414.swf" />
      <file href="mobile/6EtyENwpIxQ_80_DX414_DY414_CX207_CY56.png" />
      <file href="story_content/6IKwbc1D8jk_80_DX1024_DY1024.swf" />
      <file href="mobile/6IKwbc1D8jk_80_DX1024_DY1024_CX331_CY523.png" />
      <file href="story_content/6XY57WWd2X4_80_DX902_DY902.swf" />
      <file href="mobile/6XY57WWd2X4_80_DX902_DY902_CX511_CY498.png" />
      <file href="story_content/6E2Gg8gcSDp_80_DX1232_DY1232.swf" />
      <file href="mobile/6E2Gg8gcSDp_80_DX1232_DY1232_CX616_CY369.png" />
      <file href="story_content/65NSH2vmTWD_80_DX348_DY348.swf" />
      <file href="mobile/65NSH2vmTWD_80_DX348_DY348_CX154_CY174.png" />
      <file href="story_content/64bHsQhJczJ_80_DX2560_DY2560.swf" />
      <file href="mobile/64bHsQhJczJ_80_DX2560_DY2560_CX1366_CY768.png" />
      <file href="story_content/5p07X6tmpxA_80_DX484_DY484.swf" />
      <file href="mobile/5p07X6tmpxA_80_DX484_DY484_CX142_CY242.png" />
      <file href="mobile/64IE8c4FQCI_80_DX1992_DY1992_CX492_CY86.png" />
      <file href="story_content/5ZTiVfWH3R9_80_DX384_DY384.swf" />
      <file href="mobile/5ZTiVfWH3R9_80_DX384_DY384_CX221_CY222.png" />
      <file href="story_content/5ZTiVfWH3R9_80_RG_DX384_DY384.swf" />
      <file href="mobile/5ZTiVfWH3R9_80_RG_DX384_DY384_CX221_CY222.png" />
      <file href="story_content/5yEPZBPFovy_80_DX80_DY80.swf" />
      <file href="mobile/5yEPZBPFovy_80_DX80_DY80_CX60_CY60.png" />
      <file href="story_content/6IRbhP5Pl4j_80_DX352_DY352.swf" />
      <file href="mobile/6IRbhP5Pl4j_80_DX352_DY352_CX225_CY226.png" />
      <file href="story_content/6IRbhP5Pl4j_80_RG_DX352_DY352.swf" />
      <file href="mobile/6IRbhP5Pl4j_80_RG_DX352_DY352_CX225_CY226.png" />
      <file href="story_content/5rgZXjt0scN_80_DX352_DY352.swf" />
      <file href="mobile/5rgZXjt0scN_80_DX352_DY352_CX187_CY240.png" />
      <file href="story_content/5rgZXjt0scN_80_RG_DX352_DY352.swf" />
      <file href="mobile/5rgZXjt0scN_80_RG_DX352_DY352_CX187_CY240.png" />
      <file href="story_content/6XIhGCpGB8A_80_DX86_DY86.swf" />
      <file href="mobile/6XIhGCpGB8A_80_DX86_DY86_CX27_CY26.png" />
      <file href="story_content/6d0VjN5JXQi_80_DX128_DY128.swf" />
      <file href="mobile/6d0VjN5JXQi_80_DX128_DY128_CX96_CY82.png" />
      <file href="story_content/Shape6oIff2CY3Wk.swf" />
      <file href="story_content/Shape6Y45ESdIBo7.swf" />
      <file href="story_content/5okyZ0ZembJ_80_DX792_DY792.swf" />
      <file href="mobile/5okyZ0ZembJ_80_DX792_DY792_CX593_CY190.png" />
      <file href="mobile/64IE8c4FQCI_80_DX1992_DY1992_CX804_CY141.png" />
      <file href="story_content/65cOlbHvccm_80_P_0_0_874_396_DX1426_DY1426.swf" />
      <file href="mobile/65cOlbHvccm_80_P_0_0_874_396_DX1426_DY1426_CX740_CY336.png" />
      <file href="story_content/65cOlbHvccm_80_RG_P_0_0_874_396_DX1426_DY1426.swf" />
      <file href="mobile/65cOlbHvccm_80_RG_P_0_0_874_396_DX1426_DY1426_CX740_CY336.png" />
      <file href="mobile/5yEPZBPFovy_80_DX80_DY80_CX36_CY36.png" />
      <file href="story_content/5r9ltkUzm0D_80_P_0_125_975_440_DX1414_DY1414.swf" />
      <file href="mobile/5r9ltkUzm0D_80_P_0_125_975_440_DX1414_DY1414_CX744_CY336.png" />
      <file href="story_content/5r9ltkUzm0D_80_RG_P_0_125_975_440_DX1414_DY1414.swf" />
      <file href="mobile/5r9ltkUzm0D_80_RG_P_0_125_975_440_DX1414_DY1414_CX744_CY336.png" />
      <file href="story_content/699GHpYoWoF_80_DX420_DY420.swf" />
      <file href="mobile/699GHpYoWoF_80_DX420_DY420_CX210_CY120.png" />
      <file href="story_content/6GaTaF9fFLu_80_DX236_DY236.swf" />
      <file href="mobile/6GaTaF9fFLu_80_DX236_DY236_CX100_CY125.png" />
      <file href="story_content/6DHBo5qFdeS_80_DX192_DY192.swf" />
      <file href="mobile/6DHBo5qFdeS_80_DX192_DY192_CX82_CY103.png" />
      <file href="mobile/5ZTiVfWH3R9_80_DX384_DY384_CX84_CY84.png" />
      <file href="story_content/65cOlbHvccm_80_P_192_0_590_765_DX1426_DY1426.swf" />
      <file href="mobile/65cOlbHvccm_80_P_192_0_590_765_DX1426_DY1426_CX590_CY765.png" />
      <file href="story_content/5r9ltkUzm0D_80_P_16_47_954_584_DX1414_DY1414.swf" />
      <file href="mobile/5r9ltkUzm0D_80_P_16_47_954_584_DX1414_DY1414_CX744_CY456.png" />
      <file href="story_content/5aFG9EeYl3G_80_DX812_DY812.swf" />
      <file href="mobile/5aFG9EeYl3G_80_DX812_DY812_CX354_CY430.png" />
      <file href="mobile/6IRbhP5Pl4j_80_DX352_DY352_CX96_CY96.png" />
      <file href="story_content/5lhVXzWf2R7_X_80_DX440_DY440.jpg" />
      <file href="mobile/5lhVXzWf2R7_X_80_DX440_DY440_CX330_CY324.jpg" />
      <file href="story_content/6j5zVymhQnV_80_P_177_0_581_567_DX1588_DY1588.swf" />
      <file href="mobile/6j5zVymhQnV_80_P_177_0_581_567_DX1588_DY1588_CX480_CY468.png" />
      <file href="story_content/6CPxuszHBYB_80_DX50_DY50.swf" />
      <file href="mobile/6CPxuszHBYB_80_DX50_DY50_CX37_CY36.png" />
      <file href="story_content/Shape5qQFdjRi5i2.swf" />
      <file href="story_content/Shape6UAPATVr7Ms.swf" />
      <file href="story_content/6j5zVymhQnV_80_P_120_0_640_640_DX1588_DY1588.swf" />
      <file href="mobile/6j5zVymhQnV_80_P_120_0_640_640_DX1588_DY1588_CX640_CY640.png" />
      <file href="story_content/5zqQZvwpgdK_80_P_0_0_1239_489_DX2066_DY2066.swf" />
      <file href="mobile/5zqQZvwpgdK_80_P_0_0_1239_489_DX2066_DY2066_CX1239_CY489.png" />
      <file href="mobile/5yEPZBPFovy_80_DX80_DY80_CX33_CY33.png" />
      <file href="mobile/6XIhGCpGB8A_80_DX86_DY86_CX43_CY42.png" />
      <file href="story_content/6G9pdlaEmep_80_P_99_0_373_545_DX864_DY864.swf" />
      <file href="mobile/6G9pdlaEmep_80_P_99_0_373_545_DX864_DY864_CX373_CY545.png" />
      <file href="story_content/6NdgCPWmkse_X_80_P_0_240_1483_590_DX2372_DY2372.swf" />
      <file href="mobile/6NdgCPWmkse_X_80_P_0_240_1483_590_DX2372_DY2372_CX1483_CY591.png" />
      <file href="story_content/txt__default_6Fnl3qBi2v8.swf" />
      <file href="story_content/txt__default_5XsdtBtlhL8.swf" />
      <file href="story_content/txt__default_62nek5XeaAF.swf" />
      <file href="story_content/txt__default_5ZrQS36ONuM.swf" />
      <file href="story_content/txt__default_6PmPzPrEfHO.swf" />
      <file href="story_content/txt__default_5l77oj1kW45.swf" />
      <file href="story_content/txt__default_6DkdLlA7C8W.swf" />
      <file href="story_content/txt__default_6GIBkEfte9D.swf" />
      <file href="story_content/txt__default_68Ir0CElN0Y.swf" />
      <file href="story_content/5z7emCDAXBm_80_DX934_DY934.swf" />
      <file href="mobile/5z7emCDAXBm_80_DX934_DY934_CX467_CY309.png" />
      <file href="story_content/5tFqtD1kFby_80_P_157_0_620_644_DX1342_DY1342.swf" />
      <file href="mobile/5tFqtD1kFby_80_P_157_0_620_644_DX1342_DY1342_CX620_CY644.png" />
      <file href="story_content/5VgeJjCY6K6_80_P_0_0_725_974_DX1248_DY1248.swf" />
      <file href="mobile/5VgeJjCY6K6_80_P_0_0_725_974_DX1248_DY1248_CX679_CY911.png" />
      <file href="story_content/Shape5c0rKle5UJU.swf" />
      <file href="story_content/Shape6KMUJ9uVaeB.swf" />
      <file href="story_content/Shape6RSiAkyvZOG.swf" />
      <file href="story_content/Shape6oZDXkUvgZb.swf" />
      <file href="story_content/Shape5bQzCXbU66Y.swf" />
      <file href="story_content/Shape5Z0GLrU1WMB.swf" />
      <file href="story_content/Shape5wbpcOqU3JG.swf" />
      <file href="story_content/Shape6PTUaAfYJNd.swf" />
      <file href="story_content/Shape5qfhqjVkFRA.swf" />
      <file href="story_content/txt__default_6rjq2ZV48oW.swf" />
      <file href="story_content/txt__default_5oxJPLQbVvM.swf" />
      <file href="story_content/txt__default_6WMkF6QJAHj.swf" />
      <file href="story_content/txt__default_6NPFugE8hty.swf" />
      <file href="story_content/txt__default_6SIm8nFGmg1.swf" />
      <file href="story_content/txt__default_6EatMnofQzQ.swf" />
      <file href="story_content/6goVKadlij1_80_DX96_DY96.swf" />
      <file href="mobile/6goVKadlij1_80_DX96_DY96_CX41_CY43.png" />
      <file href="story_content/6FZCbywiB5B_80_P_219_0_582_644_DX970_DY970.swf" />
      <file href="mobile/6FZCbywiB5B_80_P_219_0_582_644_DX970_DY970_CX480_CY531.png" />
      <file href="story_content/6UitHxhhtU1_80_DX68_DY68.swf" />
      <file href="mobile/6UitHxhhtU1_80_DX68_DY68_CX46_CY48.png" />
      <file href="story_content/5se364mfurn_80_P_124_0_684_660_DX1144_DY1144.swf" />
      <file href="mobile/5se364mfurn_80_P_124_0_684_660_DX1144_DY1144_CX648_CY624.png" />
      <file href="story_content/6doSKKIRg45_80_P_0_0_730_505_DX948_DY948.swf" />
      <file href="mobile/6doSKKIRg45_80_P_0_0_730_505_DX948_DY948_CX711_CY492.png" />
      <file href="story_content/6aRyIdkOrB8_80_DX1040_DY1040.jpg" />
      <file href="mobile/6aRyIdkOrB8_80_DX1040_DY1040_CX611_CY646.jpg" />
      <file href="story_content/5YPFlEMdmF6_X_80_DX832_DY832.swf" />
      <file href="mobile/5YPFlEMdmF6_X_80_DX832_DY832_CX600_CY600.png" />
      <file href="story_content/5hzILGx7OVT_80_DX1246_DY1246.swf" />
      <file href="mobile/5hzILGx7OVT_80_DX1246_DY1246_CX689_CY500.png" />
      <file href="mobile/5yEPZBPFovy_80_DX80_DY80_CX45_CY45.png" />
      <file href="story_content/txt__default_5rUcem2JGw5.swf" />
      <file href="story_content/txt__default_5aJBdrNE8cf.swf" />
      <file href="story_content/txt__default_5gHr1pFToYZ.swf" />
      <file href="story_content/txt__default_5XREIFjn1ay.swf" />
      <file href="story_content/5bp5e3AznYn_80_DX1728_DY1728.swf" />
      <file href="mobile/5bp5e3AznYn_80_DX1728_DY1728_CX982_CY600.png" />
      <file href="story_content/5XfnJGGsMSR_80_P_30_0_493_494_DX792_DY792.swf" />
      <file href="mobile/5XfnJGGsMSR_80_P_30_0_493_494_DX792_DY792_CX494_CY494.png" />
      <file href="mobile/6goVKadlij1_80_DX96_DY96_CX46_CY48.png" />
      <file href="story_content/6CHKjzb4YUj_80_P_167_0_564_649_DX1132_DY1132.swf" />
      <file href="mobile/6CHKjzb4YUj_80_P_167_0_564_649_DX1132_DY1132_CX543_CY624.png" />
      <file href="story_content/5dY02lrobGL_80_DX880_DY880.jpg" />
      <file href="mobile/5dY02lrobGL_80_DX880_DY880_CX402_CY659.jpg" />
      <file href="story_content/6TRxX34cd2Q_80_P_0_0_432_672_DX1452_DY1452.swf" />
      <file href="mobile/6TRxX34cd2Q_80_P_0_0_432_672_DX1452_DY1452_CX433_CY673.png" />
      <file href="story_content/5gc4nzi0T8W_80_DX2210_DY2210.jpg" />
      <file href="mobile/5gc4nzi0T8W_80_DX2210_DY2210_CX579_CY180.jpg" />
      <file href="story_content/5gc4nzi0T8W_80_DX2212_DY2212.jpg" />
      <file href="mobile/5gc4nzi0T8W_80_DX2212_DY2212_CX1247_CY388.jpg" />
      <file href="story_content/5t3yYF6zW7Y_80_DX576_DY576.swf" />
      <file href="mobile/5t3yYF6zW7Y_80_DX576_DY576_CX432_CY216.png" />
      <file href="story_content/txt__default_5zqAizbvJd0.swf" />
      <file href="mobile/64IE8c4FQCI_80_DX1992_DY1992_CX237_CY42.png" />
      <file href="story_content/6ka0nI5RUie_80_DX938_DY938.swf" />
      <file href="mobile/6ka0nI5RUie_80_DX938_DY938_CX703_CY671.png" />
      <file href="mobile/64IE8c4FQCI_80_DX1992_DY1992_CX480_CY84.png" />
      <file href="mobile/64IE8c4FQCI_80_DX1992_DY1992_CX444_CY78.png" />
      <file href="story_content/5r9ltkUzm0D_80_P_246_47_599_584_DX1414_DY1414.swf" />
      <file href="mobile/5r9ltkUzm0D_80_P_246_47_599_584_DX1414_DY1414_CX600_CY585.png" />
      <file href="story_content/649f4dQ0net_80_P_35_0_545_551_DX940_DY940.swf" />
      <file href="mobile/649f4dQ0net_80_P_35_0_545_551_DX940_DY940_CX546_CY551.png" />
      <file href="story_content/6hw0VOHgDtM_80_DX592_DY592.swf" />
      <file href="mobile/6hw0VOHgDtM_80_DX592_DY592_CX408_CY444.png" />
      <file href="story_content/5m58AevkV1A_80_DX1250_DY1250.jpg" />
      <file href="mobile/5m58AevkV1A_80_DX1250_DY1250_CX861_CY365.jpg" />
      <file href="mobile/64IE8c4FQCI_80_DX1992_DY1992_CX535_CY94.png" />
      <file href="mobile/5rgZXjt0scN_80_DX352_DY352_CX87_CY112.png" />
      <file href="story_content/6TbbzeHa81D_80_DX704_DY704.swf" />
      <file href="mobile/6TbbzeHa81D_80_DX704_DY704_CX280_CY400.png" />
      <file href="story_content/6LycvKeo2p4_80_DX752_DY752.jpg" />
      <file href="mobile/6LycvKeo2p4_80_DX752_DY752_CX561_CY563.jpg" />
      <file href="story_content/5uowqgflNp2_80_DX782_DY782.swf" />
      <file href="mobile/5uowqgflNp2_80_DX782_DY782_CX586_CY503.png" />
      <file href="meta.xml" />
      <file href="story_content/FontFactory.swf" />
      <file href="story_content/fonts.swf" />
      <file href="story_content/frame.xml" />
      <file href="story_content/user.js" />
      <file href="mobile/Shape6oIff2CY3Wk.png" />
      <file href="mobile/Shape6Y45ESdIBo7.png" />
      <file href="mobile/Shape5qQFdjRi5i2.png" />
      <file href="mobile/Shape6UAPATVr7Ms.png" />
      <file href="mobile/txt__default_6Fnl3qBi2v8.png" />
      <file href="mobile/txt__default_5XsdtBtlhL8.png" />
      <file href="mobile/txt__default_62nek5XeaAF.png" />
      <file href="mobile/txt__default_5ZrQS36ONuM.png" />
      <file href="mobile/txt__default_6PmPzPrEfHO.png" />
      <file href="mobile/txt__default_5l77oj1kW45.png" />
      <file href="mobile/txt__default_6DkdLlA7C8W.png" />
      <file href="mobile/txt__default_6GIBkEfte9D.png" />
      <file href="mobile/txt__default_68Ir0CElN0Y.png" />
      <file href="mobile/Shape5c0rKle5UJU.png" />
      <file href="mobile/Shape6KMUJ9uVaeB.png" />
      <file href="mobile/Shape6RSiAkyvZOG.png" />
      <file href="mobile/Shape6oZDXkUvgZb.png" />
      <file href="mobile/Shape5bQzCXbU66Y.png" />
      <file href="mobile/Shape5Z0GLrU1WMB.png" />
      <file href="mobile/Shape5wbpcOqU3JG.png" />
      <file href="mobile/Shape6PTUaAfYJNd.png" />
      <file href="mobile/Shape5qfhqjVkFRA.png" />
      <file href="mobile/txt__default_6rjq2ZV48oW.png" />
      <file href="mobile/txt__default_5oxJPLQbVvM.png" />
      <file href="mobile/txt__default_6WMkF6QJAHj.png" />
      <file href="mobile/txt__default_6NPFugE8hty.png" />
      <file href="mobile/txt__default_6SIm8nFGmg1.png" />
      <file href="mobile/txt__default_6EatMnofQzQ.png" />
      <file href="mobile/txt__default_5rUcem2JGw5.png" />
      <file href="mobile/txt__default_5aJBdrNE8cf.png" />
      <file href="mobile/txt__default_5gHr1pFToYZ.png" />
      <file href="mobile/txt__default_5XREIFjn1ay.png" />
      <file href="mobile/txt__default_5zqAizbvJd0.png" />
      <file href="story.swf" />
      <file href="story_content/frame.swf" />
      <file href="story_content/slides/5kHj2buYJ1B.swf" />
      <file href="story_content/slides/5tXjdPY7liA.swf" />
      <file href="story_content/slides/6WjFxjFL1Y7.swf" />
      <file href="story_content/slides/681RgfpDlgM.swf" />
      <file href="story_content/slides/6piialvbyO9.swf" />
      <file href="story_content/slides/69tprDAGMYN.swf" />
      <file href="story_content/slides/6VhVZzINskI.swf" />
      <file href="story_content/slides/5em7d9bM1OW.swf" />
      <file href="story_content/slides/5rh39mBhFUy.swf" />
      <file href="story_content/slides/5y6qFiYWQLR.swf" />
      <file href="story_content/slides/60f7TKoT2f8.swf" />
      <file href="story_content/slides/5sXWg2vSW9E.swf" />
      <file href="story_content/slides/5WPPsx5anSK.swf" />
      <file href="story_content/slides/63VKJr4Pqzy.swf" />
      <file href="story_content/slides/6B8vX3eph3a.swf" />
      <file href="story_content/slides/6OQoeTGZyEx.swf" />
      <file href="story_content/slides/6dNmd9xH9fA.swf" />
      <file href="story_content/slides/5qt2aLiQrxC.swf" />
      <file href="story_content/slides/5fhehMfvQGF.swf" />
      <file href="story_content/slides/61DZLDp2BFZ.swf" />
      <file href="story_content/slides/5r2N0iYIGQ8.swf" />
      <file href="story_content/slides/6OSW9OgAPoy.swf" />
      <file href="story_content/slides/6509EcaTytM.swf" />
      <file href="story_content/slides/5rYW6QSpa5G.swf" />
      <file href="story_content/slides/6c2B63PqYSh.swf" />
      <file href="story_content/slides/6oYoiIDbteE.swf" />
      <file href="story_content/slides/607drFJqHWj.swf" />
      <file href="story_content/slides/6Dfpc8pIJ9D.swf" />
      <file href="story_content/slides/6MswaVgr699.swf" />
      <file href="story_content/slides/6aiJROx0P2L.swf" />
      <file href="story_content/slides/5f3sHbTNKbq.swf" />
      <file href="story_content/slides/6CETIL77Ah8.swf" />
      <file href="story_content/slides/6Ce6G1tDwdP.swf" />
      <file href="story_content/slides/66JUlyIC6DW.swf" />
      <file href="story_content/slides/6OC1gNKwfKM.swf" />
      <file href="story_content/slides/5u68w5P25lq.swf" />
      <file href="story_content/slides/6gdbgVHyROh.swf" />
      <file href="story_content/data.swf" />
      <file href="html5/data/css/output.min.css" />
      <file href="html5/data/js/5em7d9bM1OW.js" />
      <file href="html5/data/js/5f3sHbTNKbq.js" />
      <file href="html5/data/js/5fhehMfvQGF.js" />
      <file href="html5/data/js/5kHj2buYJ1B.js" />
      <file href="html5/data/js/5qt2aLiQrxC.js" />
      <file href="html5/data/js/5r2N0iYIGQ8.js" />
      <file href="html5/data/js/5rh39mBhFUy.js" />
      <file href="html5/data/js/5rYW6QSpa5G.js" />
      <file href="html5/data/js/5sXWg2vSW9E.js" />
      <file href="html5/data/js/5tXjdPY7liA.js" />
      <file href="html5/data/js/5u68w5P25lq.js" />
      <file href="html5/data/js/5WPPsx5anSK.js" />
      <file href="html5/data/js/5y6qFiYWQLR.js" />
      <file href="html5/data/js/607drFJqHWj.js" />
      <file href="html5/data/js/60f7TKoT2f8.js" />
      <file href="html5/data/js/61DZLDp2BFZ.js" />
      <file href="html5/data/js/63VKJr4Pqzy.js" />
      <file href="html5/data/js/6509EcaTytM.js" />
      <file href="html5/data/js/66JUlyIC6DW.js" />
      <file href="html5/data/js/681RgfpDlgM.js" />
      <file href="html5/data/js/69tprDAGMYN.js" />
      <file href="html5/data/js/6aiJROx0P2L.js" />
      <file href="html5/data/js/6B8vX3eph3a.js" />
      <file href="html5/data/js/6c2B63PqYSh.js" />
      <file href="html5/data/js/6Ce6G1tDwdP.js" />
      <file href="html5/data/js/6CETIL77Ah8.js" />
      <file href="html5/data/js/6Dfpc8pIJ9D.js" />
      <file href="html5/data/js/6dNmd9xH9fA.js" />
      <file href="html5/data/js/6gdbgVHyROh.js" />
      <file href="html5/data/js/6MswaVgr699.js" />
      <file href="html5/data/js/6OC1gNKwfKM.js" />
      <file href="html5/data/js/6OQoeTGZyEx.js" />
      <file href="html5/data/js/6OSW9OgAPoy.js" />
      <file href="html5/data/js/6oYoiIDbteE.js" />
      <file href="html5/data/js/6piialvbyO9.js" />
      <file href="html5/data/js/6VhVZzINskI.js" />
      <file href="html5/data/js/6WjFxjFL1Y7.js" />
      <file href="html5/data/js/data.js" />
      <file href="html5/data/js/frame.js" />
      <file href="html5/data/js/paths.js" />
      <file href="html5/lib/scripts/app.min.js" />
      <file href="html5/lib/stylesheets/main.min.css" />
      <file href="html5/lib/stylesheets/mobile-fonts/open-sans-bold.woff" />
      <file href="html5/lib/stylesheets/mobile-fonts/open-sans-light.woff" />
      <file href="html5/lib/stylesheets/mobile-fonts/open-sans-regular.woff" />
      <file href="story.html" />
      <file href="story_flash.html" />
      <file href="story_html5.html" />
      <file href="analytics-frame.html" />
      <file href="story_content/blank.html" />
      <file href="story_content/story.js" />
      <file href="index_lms.html" />
      <file href="index_lms_html5.html" />
      <file href="index_lms_flash.html" />
      <file href="lms/AICCComm.html" />
      <file href="lms/AICCFunctions.js" />
      <file href="lms/API.js" />
      <file href="lms/APIConstants.js" />
      <file href="lms/blank.html" />
      <file href="lms/browsersniff.js" />
      <file href="lms/Configuration.js" />
      <file href="lms/goodbye.html" />
      <file href="lms/lms.js" />
      <file href="lms/LMSAPI.js" />
      <file href="lms/NONEFunctions.js" />
      <file href="lms/SCORM2004Functions.js" />
      <file href="lms/SCORMFunctions.js" />
      <file href="lms/UtilityFunctions.js" />
    </resource>
  </resources>
</manifest>