﻿<?xml version="1.0" encoding="utf-8"?>
<manifest identifier="_63pXVMBkqJj_course_id" version="1.0" xmlns="http://www.imsproject.org/xsd/imscp_rootv1p1p2" xmlns:adlcp="http://www.adlnet.org/xsd/adlcp_rootv1p2" xmlns:xsi="http://www.w3.org/2001/XMLSchema-instance" xsi:schemaLocation="http://www.imsproject.org/xsd/imscp_rootv1p1p2 imscp_rootv1p1p2.xsd http://www.imsglobal.org/xsd/imsmd_rootv1p2p1 imsmd_rootv1p2p1.xsd http://www.adlnet.org/xsd/adlcp_rootv1p2 adlcp_rootv1p2.xsd">
  <metadata>
    <schema>ADL SCORM</schema>
    <schemaversion>1.2</schemaversion>
    <lom xmlns="http://www.imsglobal.org/xsd/imsmd_rootv1p2p1" xmlns:xsi="http://www.w3.org/2001/XMLSchema-instance" xsi:schemaLocation="http://www.imsglobal.org/xsd/imsmd_rootv1p2p1 imsmd_rootv1p2p1.xsd">
      <general>
        <title>
          <langstring xml:lang="x-none">MCBF</langstring>
        </title>
        <description>
          <langstring xml:lang="x-none">MCBF</langstring>
        </description>
      </general>
      <lifecycle>
        <version>
          <langstring xml:lang="x-none">1</langstring>
        </version>
        <status>
          <source>
            <langstring xml:lang="x-none">LOMv1.0</langstring>
          </source>
          <value>
            <langstring xml:lang="x-none">Final</langstring>
          </value>
        </status>
      </lifecycle>
      <metametadata>
        <metadatascheme>ADL SCORM 1.2</metadatascheme>
      </metametadata>
      <educational>
        <typicallearningtime>
          <datetime>PT0H0M0S</datetime>
        </typicallearningtime>
      </educational>
      <rights>
        <cost>
          <source>
            <langstring xml:lang="x-none">LOMv1.0</langstring>
          </source>
          <value>
            <langstring xml:lang="x-none">yes</langstring>
          </value>
        </cost>
        <copyrightandotherrestrictions>
          <source>
            <langstring xml:lang="x-none">LOMv1.0</langstring>
          </source>
          <value>
            <langstring xml:lang="x-none">yes</langstring>
          </value>
        </copyrightandotherrestrictions>
      </rights>
    </lom>
  </metadata>
  <organizations default="MCBF_ORG">
    <organization identifier="MCBF_ORG">
      <title>MCBF</title>
      <item identifier="EE_RED1_SCO" isvisible="true" identifierref="__63pXVMBkqJj_course_id_RES">
        <title>MCBF</title>
      </item>
    </organization>
  </organizations>
  <resources>
    <resource identifier="__63pXVMBkqJj_course_id_RES" type="webcontent" href="index_lms.html" adlcp:scormtype="sco">
      <file href="story_content/thumbnail.jpg" />
      <file href="story_content/6Die66wV7ea_80_P_0_296_330_333_DX1650_DY1650.swf" />
      <file href="mobile/6Die66wV7ea_80_P_0_296_330_333_DX1650_DY1650_CX330_CY333.png" />
      <file href="story_content/6iR0ZB9DEQ4_80_DX240_DY240.swf" />
      <file href="mobile/6iR0ZB9DEQ4_80_DX240_DY240_CX180_CY180.png" />
      <file href="story_content/5zIyvOwVq8c_80_RBBFF90_DX184_DY184.swf" />
      <file href="mobile/5zIyvOwVq8c_80_RBBFF90_DX184_DY184_CX138_CY48.png" />
      <file href="story_content/64s1cs8TNlA_80_DX80_DY80.swf" />
      <file href="mobile/64s1cs8TNlA_80_DX80_DY80_CX30_CY60.png" />
      <file href="story_content/6Wr9ofmyj1I_80_RC0C8D8_DX270_DY270.swf" />
      <file href="mobile/6Wr9ofmyj1I_80_RC0C8D8_DX270_DY270_CX100_CY201.png" />
      <file href="story_content/5whQ9sITzAD_80_R82EEFF_DX282_DY282.swf" />
      <file href="mobile/5whQ9sITzAD_80_R82EEFF_DX282_DY282_CX211_CY99.png" />
      <file href="story_content/5Zq1xroGpFx_80_DX240_DY240.swf" />
      <file href="mobile/5Zq1xroGpFx_80_DX240_DY240_CX180_CY180.png" />
      <file href="story_content/5uwnTE6vsqT_80_P_0_0_1239_750_DX1958_DY1958.swf" />
      <file href="mobile/5uwnTE6vsqT_80_P_0_0_1239_750_DX1958_DY1958_CX1240_CY750.png" />
      <file href="story_content/60tVRPc2Nml_80_R98FFF4_DX596_DY596.swf" />
      <file href="mobile/60tVRPc2Nml_80_R98FFF4_DX596_DY596_CX447_CY132.png" />
      <file href="story_content/6X9VJ5GpvfR_80_DX1962_DY1962.swf" />
      <file href="mobile/6X9VJ5GpvfR_80_DX1962_DY1962_CX772_CY70.png" />
      <file href="story_content/5X48foqImFC_80_DX2880_DY2880.swf" />
      <file href="mobile/5X48foqImFC_80_DX2880_DY2880_CX2048_CY1072.png" />
      <file href="story_content/6VHYD10fZkl_80_DX1528_DY1528.swf" />
      <file href="mobile/6VHYD10fZkl_80_DX1528_DY1528_CX1119_CY1146.png" />
      <file href="story_content/5nEO2ZZZXKc_80_DX242_DY242.swf" />
      <file href="mobile/5nEO2ZZZXKc_80_DX242_DY242_CX174_CY163.png" />
      <file href="story_content/6lp3wwW3s4S_80_DX242_DY242.swf" />
      <file href="mobile/6lp3wwW3s4S_80_DX242_DY242_CX174_CY163.png" />
      <file href="story_content/5aPNNikIvEX_80_DX242_DY242.swf" />
      <file href="mobile/5aPNNikIvEX_80_DX242_DY242_CX174_CY163.png" />
      <file href="story_content/5UiRm3605UG_80_DX242_DY242.swf" />
      <file href="mobile/5UiRm3605UG_80_DX242_DY242_CX174_CY163.png" />
      <file href="story_content/5X0yrZlODLi_80_RBBFF90_DX120_DY120.swf" />
      <file href="mobile/5X0yrZlODLi_80_RBBFF90_DX120_DY120_CX36_CY86.png" />
      <file href="story_content/5wCasGbHjES_80_RG_DX202_DY202.swf" />
      <file href="mobile/5wCasGbHjES_80_RG_DX202_DY202_CX148_CY125.png" />
      <file href="story_content/5nEO2ZZZXKc_80_DX240_DY240.swf" />
      <file href="mobile/5nEO2ZZZXKc_80_DX240_DY240_CX135_CY126.png" />
      <file href="story_content/5aPNNikIvEX_80_DX240_DY240.swf" />
      <file href="mobile/5aPNNikIvEX_80_DX240_DY240_CX135_CY126.png" />
      <file href="story_content/6jbR5UkX4Es_80_DX114_DY114.swf" />
      <file href="mobile/6jbR5UkX4Es_80_DX114_DY114_CX60_CY58.png" />
      <file href="story_content/5enPjXKBSYL_80_DX222_DY222.swf" />
      <file href="mobile/5enPjXKBSYL_80_DX222_DY222_CX153_CY132.png" />
      <file href="story_content/6Die66wV7ea_80_P_0_455_330_148_DX1650_DY1650.swf" />
      <file href="mobile/6Die66wV7ea_80_P_0_455_330_148_DX1650_DY1650_CX330_CY149.png" />
      <file href="mobile/6iR0ZB9DEQ4_80_DX240_DY240_CX147_CY147.png" />
      <file href="mobile/5Zq1xroGpFx_80_DX240_DY240_CX145_CY145.png" />
      <file href="story_content/5WIxguiCwsb_80_DX76_DY76.swf" />
      <file href="mobile/5WIxguiCwsb_80_DX76_DY76_CX57_CY42.png" />
      <file href="story_content/5X0yrZlODLi_80_RBBFF90_DX118_DY118.swf" />
      <file href="mobile/5X0yrZlODLi_80_RBBFF90_DX118_DY118_CX31_CY74.png" />
      <file href="story_content/5wCasGbHjES_80_DX202_DY202.swf" />
      <file href="mobile/5wCasGbHjES_80_DX202_DY202_CX148_CY125.png" />
      <file href="mobile/5X0yrZlODLi_80_RBBFF90_DX118_DY118_CX28_CY67.png" />
      <file href="story_content/6ls9thulkeI_80_DX1006_DY1006.swf" />
      <file href="mobile/6ls9thulkeI_80_DX1006_DY1006_CX503_CY443.png" />
      <file href="story_content/6Pj9iyWSmDl_80_DX72_DY72.swf" />
      <file href="mobile/6Pj9iyWSmDl_80_DX72_DY72_CX45_CY45.png" />
      <file href="story_content/6W70sizuoyI_80_DX1162_DY1162.swf" />
      <file href="mobile/6W70sizuoyI_80_DX1162_DY1162_CX277_CY263.png" />
      <file href="story_content/txt__default_6EqOeRw3CAQ.swf" />
      <file href="story_content/5joTuMAFqXL_X_80_P_0_0_525_799_DX2450_DY2450.swf" />
      <file href="mobile/5joTuMAFqXL_X_80_P_0_0_525_799_DX2450_DY2450_CX525_CY800.png" />
      <file href="story_content/6GS7erzlc1E_80_DX444_DY444.swf" />
      <file href="mobile/6GS7erzlc1E_80_DX444_DY444_CX222_CY221.png" />
      <file href="story_content/5sYRyvNuB1v_80_DX928_DY928.swf" />
      <file href="mobile/5sYRyvNuB1v_80_DX928_DY928_CX512_CY512.png" />
      <file href="story_content/6rpXmRw3pkB_X_80_P_0_0_269_460_DX1658_DY1658.swf" />
      <file href="mobile/6rpXmRw3pkB_X_80_P_0_0_269_460_DX1658_DY1658_CX269_CY461.png" />
      <file href="story_content/5X48foqImFC_80_P_796_0_499_1072_DX1536_DY1536.swf" />
      <file href="mobile/5X48foqImFC_80_P_796_0_499_1072_DX1536_DY1536_CX499_CY1072.png" />
      <file href="story_content/6W70sizuoyI_80_DX1164_DY1164.swf" />
      <file href="mobile/6W70sizuoyI_80_DX1164_DY1164_CX780_CY740.png" />
      <file href="mobile/5enPjXKBSYL_80_DX222_DY222_CX139_CY119.png" />
      <file href="story_content/5X0yrZlODLi_80_RS_DX118_DY118.swf" />
      <file href="mobile/5X0yrZlODLi_80_RS_DX118_DY118_CX31_CY74.png" />
      <file href="story_content/6UYFqh3sf4L_22050_48_0.mp3" />
      <file href="story_content/5X0yrZlODLi_80_RS_DX120_DY120.swf" />
      <file href="mobile/5X0yrZlODLi_80_RS_DX120_DY120_CX36_CY86.png" />
      <file href="story_content/6Q4w66j2q1P_X_80_P_0_0_269_485_DX1658_DY1658.swf" />
      <file href="mobile/6Q4w66j2q1P_X_80_P_0_0_269_485_DX1658_DY1658_CX269_CY485.png" />
      <file href="story_content/6FfLCr1VzmT_22050_48_0.mp3" />
      <file href="story_content/6k17svH5npO_80_P_398_0_772_700_DX2046_DY2046.swf" />
      <file href="mobile/6k17svH5npO_80_P_398_0_772_700_DX2046_DY2046_CX773_CY700.png" />
      <file href="mobile/6Pj9iyWSmDl_80_DX72_DY72_CX47_CY47.png" />
      <file href="story_content/5lbH7nVYjV4_80_DX1248_DY1248.swf" />
      <file href="mobile/5lbH7nVYjV4_80_DX1248_DY1248_CX247_CY795.png" />
      <file href="story_content/6O8H0M4nHGy_22050_48_0.mp3" />
      <file href="story_content/64PMjKSQGaI_22050_48_0.mp3" />
      <file href="story_content/6klLovc0qaV_22050_48_0.mp3" />
      <file href="story_content/6RqEo8oFup1_22050_48_0.mp3" />
      <file href="story_content/5akyWpDCb9c_22050_48_0.mp3" />
      <file href="story_content/5nHiRIDtXp3_22050_48_0.mp3" />
      <file href="story_content/6N7IXAKtAlX_22050_48_0.mp3" />
      <file href="story_content/6lgDxPxMke0_22050_48_0.mp3" />
      <file href="story_content/6SrNMb0MpVU_22050_48_0.mp3" />
      <file href="story_content/5mwdSiC3Ly5_80_DX1076_DY1076.swf" />
      <file href="mobile/5mwdSiC3Ly5_80_DX1076_DY1076_CX538_CY465.png" />
      <file href="story_content/6gdH42nVfck_22050_48_0.mp3" />
      <file href="story_content/6VHYD10fZkl_80_RAAC2FF_DX1528_DY1528.swf" />
      <file href="mobile/6VHYD10fZkl_80_RAAC2FF_DX1528_DY1528_CX1119_CY1146.png" />
      <file href="story_content/6ZwRwYIRzEE_22050_48_0.mp3" />
      <file href="mobile/5X0yrZlODLi_80_RBBFF90_DX118_DY118_CX25_CY60.png" />
      <file href="story_content/5ifEU1zc7Vg_X_80_P_-6_0_533_547_DX1658_DY1658.swf" />
      <file href="mobile/5ifEU1zc7Vg_X_80_P_-6_0_533_547_DX1658_DY1658_CX534_CY548.png" />
      <file href="story_content/txt__default_6lpbRyGTVkg.swf" />
      <file href="story_content/63qWG25wPeE_22050_48_0.mp3" />
      <file href="story_content/txt__default_5vWiyfF6yYK.swf" />
      <file href="story_content/txt__default_5micm2P5VQ0.swf" />
      <file href="story_content/txt__default_66kcSG95ZYo.swf" />
      <file href="story_content/txt__default_6h91dDi8n0a.swf" />
      <file href="story_content/5VgG8CFFd7m_22050_48_0.mp3" />
      <file href="story_content/6ncQwilm6zH_22050_48_0.mp3" />
      <file href="story_content/69V7p9hJU07_22050_48_0.mp3" />
      <file href="story_content/5vzFAjOTkwr_22050_48_0.mp3" />
      <file href="story_content/6ScFOBOH5c2_22050_48_0.mp3" />
      <file href="story_content/5ewAGaUTJ9v_80_DX1456_DY1456.swf" />
      <file href="mobile/5ewAGaUTJ9v_80_DX1456_DY1456_CX1038_CY1092.png" />
      <file href="story_content/txt__default_6JNORAm3MFg.swf" />
      <file href="story_content/5rMhzfH91WR_22050_48_0.mp3" />
      <file href="story_content/69d6rKZ5Avf_80_DX876_DY876.swf" />
      <file href="mobile/69d6rKZ5Avf_80_DX876_DY876_CX656_CY429.png" />
      <file href="story_content/5YrsaPUtcBZ_80_P_24_0_1111_1037_DX808_DY808.swf" />
      <file href="mobile/5YrsaPUtcBZ_80_P_24_0_1111_1037_DX808_DY808_CX578_CY540.png" />
      <file href="story_content/6RftEg2CY6K_80_P_0_0_1862_777_DX1266_DY1266.swf" />
      <file href="mobile/6RftEg2CY6K_80_P_0_0_1862_777_DX1266_DY1266_CX862_CY360.png" />
      <file href="story_content/txt__default_5VJDN5PD68c.swf" />
      <file href="story_content/6oLCiFjIxay_80_R98FFF4_DX80_DY80.swf" />
      <file href="mobile/6oLCiFjIxay_80_R98FFF4_DX80_DY80_CX60_CY60.png" />
      <file href="story_content/6cVRZZLxlwT_80_DX1104_DY1104.swf" />
      <file href="mobile/6cVRZZLxlwT_80_DX1104_DY1104_CX604_CY610.png" />
      <file href="mobile/5X0yrZlODLi_80_RBBFF90_DX118_DY118_CX30_CY72.png" />
      <file href="story_content/txt__default_6bjimPWFWBi.swf" />
      <file href="story_content/670BwsWlRYH_X_80_DX1280_DY1280.swf" />
      <file href="mobile/670BwsWlRYH_X_80_DX1280_DY1280_CX257_CY829.png" />
      <file href="story_content/txt__default_6eAzSxbIp0h.swf" />
      <file href="story_content/64CqqgGzplg_80_DX240_DY240.swf" />
      <file href="mobile/64CqqgGzplg_80_DX240_DY240_CX120_CY120.png" />
      <file href="story_content/61mNZApHwO1_22050_48_0.mp3" />
      <file href="story_content/5enPjXKBSYL_80_DX224_DY224.swf" />
      <file href="mobile/5enPjXKBSYL_80_DX224_DY224_CX168_CY144.png" />
      <file href="story_content/txt__default_6BTyfNeYFoX.swf" />
      <file href="story_content/6py7lpAUMzc_80_DX1116_DY1116.swf" />
      <file href="mobile/6py7lpAUMzc_80_DX1116_DY1116_CX787_CY169.png" />
      <file href="story_content/6py7lpAUMzc_80_RG_DX1116_DY1116.swf" />
      <file href="mobile/6py7lpAUMzc_80_RG_DX1116_DY1116_CX787_CY169.png" />
      <file href="story_content/6dp8hj3NMnS_80_DX1076_DY1076.swf" />
      <file href="mobile/6dp8hj3NMnS_80_DX1076_DY1076_CX759_CY169.png" />
      <file href="story_content/6dp8hj3NMnS_80_RG_DX1076_DY1076.swf" />
      <file href="mobile/6dp8hj3NMnS_80_RG_DX1076_DY1076_CX759_CY169.png" />
      <file href="story_content/5oYlDBUIBSY_80_DX1116_DY1116.swf" />
      <file href="mobile/5oYlDBUIBSY_80_DX1116_DY1116_CX787_CY169.png" />
      <file href="story_content/5oYlDBUIBSY_80_RG_DX1116_DY1116.swf" />
      <file href="mobile/5oYlDBUIBSY_80_RG_DX1116_DY1116_CX787_CY169.png" />
      <file href="story_content/67KmFAokW4j_80_DX1194_DY1194.swf" />
      <file href="mobile/67KmFAokW4j_80_DX1194_DY1194_CX787_CY170.png" />
      <file href="story_content/67KmFAokW4j_80_RG_DX1192_DY1192.swf" />
      <file href="mobile/67KmFAokW4j_80_RG_DX1192_DY1192_CX787_CY170.png" />
      <file href="story_content/5WDsZIPogmM_80_DX1078_DY1078.swf" />
      <file href="mobile/5WDsZIPogmM_80_DX1078_DY1078_CX759_CY170.png" />
      <file href="story_content/5WDsZIPogmM_80_RG_DX1078_DY1078.swf" />
      <file href="mobile/5WDsZIPogmM_80_RG_DX1078_DY1078_CX759_CY170.png" />
      <file href="story_content/6NKBwuv2lJK_22050_48_0.mp3" />
      <file href="story_content/txt__default_5zTKytvSnN4.swf" />
      <file href="story_content/5XHtI8jDmaR_80_DX1200_DY1200.swf" />
      <file href="mobile/5XHtI8jDmaR_80_DX1200_DY1200_CX433_CY897.png" />
      <file href="story_content/txt__default_6qLvJc8je4S.swf" />
      <file href="story_content/txt__default_6cMEZFY3u60.swf" />
      <file href="story_content/txt__default_6CGx5jTlcFK.swf" />
      <file href="story_content/txt__default_6TySDVCXSKw.swf" />
      <file href="story_content/txt__default_6gqSfLOiG8o.swf" />
      <file href="story_content/txt__default_6mp8dNQP0Ws.swf" />
      <file href="story_content/txt__default_5n0eJAcZy7N.swf" />
      <file href="story_content/txt__default_6dGWM0AElcS.swf" />
      <file href="story_content/txt__default_5Zzzm1KG3GT.swf" />
      <file href="story_content/6hSH7UT7QbK_22050_48_0.mp3" />
      <file href="story_content/txt__default_6GZeX65qReU.swf" />
      <file href="story_content/6CW7qNTkiEM_80_DX888_DY888.swf" />
      <file href="mobile/6CW7qNTkiEM_80_DX888_DY888_CX166_CY344.png" />
      <file href="story_content/5joTuMAFqXL_80_P_0_0_525_665_DX2450_DY2450.swf" />
      <file href="mobile/5joTuMAFqXL_80_P_0_0_525_665_DX2450_DY2450_CX303_CY384.png" />
      <file href="story_content/5gqQjnDBM8J_80_P_187_0_618_600_DX738_DY738.swf" />
      <file href="mobile/5gqQjnDBM8J_80_P_187_0_618_600_DX738_DY738_CX396_CY384.png" />
      <file href="story_content/6TuRnOOLqm4_80_P_309_20_577_559_DX818_DY818.swf" />
      <file href="mobile/6TuRnOOLqm4_80_P_309_20_577_559_DX818_DY818_CX396_CY384.png" />
      <file href="story_content/68WRx6A43bJ_80_P_7_0_561_565_DX560_DY560.swf" />
      <file href="mobile/68WRx6A43bJ_80_P_7_0_561_565_DX560_DY560_CX393_CY396.png" />
      <file href="story_content/5n4Dri7pbFR_80_P_375_0_697_700_DX808_DY808.swf" />
      <file href="mobile/5n4Dri7pbFR_80_P_375_0_697_700_DX808_DY808_CX394_CY395.png" />
      <file href="story_content/txt__default_6g36lfv0eN0.swf" />
      <file href="story_content/6B04ZJXzPvk_22050_48_0.mp3" />
      <file href="story_content/5l4Oj3V6niN_22050_48_0.mp3" />
      <file href="story_content/6AAQ4lulQtx_22050_48_0.mp3" />
      <file href="story_content/6BzLuiE8lNt_22050_48_0.mp3" />
      <file href="story_content/6jaMBFxsmKb_22050_48_0.mp3" />
      <file href="story_content/6ghrV5WQDMf_22050_48_0.mp3" />
      <file href="story_content/6mg5mFj3zdu_22050_48_0.mp3" />
      <file href="story_content/6XMgBg9RCNn_22050_48_0.mp3" />
      <file href="story_content/6RdGgr3o8K0_80_DX480_DY480.swf" />
      <file href="mobile/6RdGgr3o8K0_80_DX480_DY480_CX360_CY360.png" />
      <file href="story_content/5ZIkogdKEfQ_80_DX480_DY480.swf" />
      <file href="mobile/5ZIkogdKEfQ_80_DX480_DY480_CX360_CY360.png" />
      <file href="story_content/5swYooTr7Ng_80_DX480_DY480.swf" />
      <file href="mobile/5swYooTr7Ng_80_DX480_DY480_CX360_CY360.png" />
      <file href="story_content/6au2eZUsr6S_80_DX480_DY480.swf" />
      <file href="mobile/6au2eZUsr6S_80_DX480_DY480_CX360_CY360.png" />
      <file href="story_content/5yRJt9PCiLH_80_DX480_DY480.swf" />
      <file href="mobile/5yRJt9PCiLH_80_DX480_DY480_CX360_CY360.png" />
      <file href="story_content/5iqiD3VH9uf_80_DX480_DY480.swf" />
      <file href="mobile/5iqiD3VH9uf_80_DX480_DY480_CX360_CY360.png" />
      <file href="story_content/6f7h9EbyAyO_80_DX480_DY480.swf" />
      <file href="mobile/6f7h9EbyAyO_80_DX480_DY480_CX360_CY360.png" />
      <file href="story_content/6BKtYucJ2Yq_80_DX480_DY480.swf" />
      <file href="mobile/6BKtYucJ2Yq_80_DX480_DY480_CX360_CY360.png" />
      <file href="mobile/6CW7qNTkiEM_80_DX888_DY888_CX322_CY666.png" />
      <file href="story_content/69JwpM5WXO0_X_80_P_0_0_908_660_DX1868_DY1868.swf" />
      <file href="mobile/69JwpM5WXO0_X_80_P_0_0_908_660_DX1868_DY1868_CX908_CY660.png" />
      <file href="story_content/6jbR5UkX4Es_80_DX116_DY116.swf" />
      <file href="mobile/6jbR5UkX4Es_80_DX116_DY116_CX60_CY58.png" />
      <file href="meta.xml" />
      <file href="story_content/FontFactory.swf" />
      <file href="story_content/fonts.swf" />
      <file href="story_content/frame.xml" />
      <file href="story_content/user.js" />
      <file href="mobile/txt__default_6EqOeRw3CAQ.png" />
      <file href="mobile/txt__default_6lpbRyGTVkg.png" />
      <file href="mobile/txt__default_5vWiyfF6yYK.png" />
      <file href="mobile/txt__default_5micm2P5VQ0.png" />
      <file href="mobile/txt__default_66kcSG95ZYo.png" />
      <file href="mobile/txt__default_6h91dDi8n0a.png" />
      <file href="mobile/txt__default_6JNORAm3MFg.png" />
      <file href="mobile/txt__default_5VJDN5PD68c.png" />
      <file href="mobile/txt__default_6bjimPWFWBi.png" />
      <file href="mobile/txt__default_6eAzSxbIp0h.png" />
      <file href="mobile/txt__default_6BTyfNeYFoX.png" />
      <file href="mobile/txt__default_5zTKytvSnN4.png" />
      <file href="mobile/txt__default_6qLvJc8je4S.png" />
      <file href="mobile/txt__default_6cMEZFY3u60.png" />
      <file href="mobile/txt__default_6CGx5jTlcFK.png" />
      <file href="mobile/txt__default_6TySDVCXSKw.png" />
      <file href="mobile/txt__default_6gqSfLOiG8o.png" />
      <file href="mobile/txt__default_6mp8dNQP0Ws.png" />
      <file href="mobile/txt__default_5n0eJAcZy7N.png" />
      <file href="mobile/txt__default_6dGWM0AElcS.png" />
      <file href="mobile/txt__default_5Zzzm1KG3GT.png" />
      <file href="mobile/txt__default_6GZeX65qReU.png" />
      <file href="mobile/txt__default_6g36lfv0eN0.png" />
      <file href="story.swf" />
      <file href="story_content/frame.swf" />
      <file href="story_content/slides/6ZXgMPSgOOE.swf" />
      <file href="story_content/slides/60xcSLYFjMU.swf" />
      <file href="story_content/slides/5qWnbVZoSpa.swf" />
      <file href="story_content/slides/5mkjEum2mtP.swf" />
      <file href="story_content/slides/6EjiGjcGLC2.swf" />
      <file href="story_content/slides/6R0WrfftT7c.swf" />
      <file href="story_content/slides/5mmNlcKlanj.swf" />
      <file href="story_content/slides/6R65MhJZ38p.swf" />
      <file href="story_content/slides/6GtwtykwYzg.swf" />
      <file href="story_content/slides/6hkTxYOfjQH.swf" />
      <file href="story_content/slides/5mnDVPJvHCh.swf" />
      <file href="story_content/slides/65jNIKloxJe.swf" />
      <file href="story_content/slides/5kUaMdFP7V1.swf" />
      <file href="story_content/slides/5lZyr8J9cUA.swf" />
      <file href="story_content/slides/5xlEw132pWZ.swf" />
      <file href="story_content/slides/5imtXEBqXrh.swf" />
      <file href="story_content/slides/5eXZzU4EaOX.swf" />
      <file href="story_content/slides/6cCJWLMzNq7.swf" />
      <file href="story_content/data.swf" />
      <file href="html5/data/css/output.min.css" />
      <file href="html5/data/js/5eXZzU4EaOX.js" />
      <file href="html5/data/js/5imtXEBqXrh.js" />
      <file href="html5/data/js/5kUaMdFP7V1.js" />
      <file href="html5/data/js/5lZyr8J9cUA.js" />
      <file href="html5/data/js/5mkjEum2mtP.js" />
      <file href="html5/data/js/5mmNlcKlanj.js" />
      <file href="html5/data/js/5mnDVPJvHCh.js" />
      <file href="html5/data/js/5qWnbVZoSpa.js" />
      <file href="html5/data/js/5xlEw132pWZ.js" />
      <file href="html5/data/js/60xcSLYFjMU.js" />
      <file href="html5/data/js/65jNIKloxJe.js" />
      <file href="html5/data/js/6cCJWLMzNq7.js" />
      <file href="html5/data/js/6EjiGjcGLC2.js" />
      <file href="html5/data/js/6GtwtykwYzg.js" />
      <file href="html5/data/js/6hkTxYOfjQH.js" />
      <file href="html5/data/js/6R0WrfftT7c.js" />
      <file href="html5/data/js/6R65MhJZ38p.js" />
      <file href="html5/data/js/6ZXgMPSgOOE.js" />
      <file href="html5/data/js/data.js" />
      <file href="html5/data/js/frame.js" />
      <file href="html5/data/js/paths.js" />
      <file href="html5/lib/scripts/app.min.js" />
      <file href="html5/lib/stylesheets/main.min.css" />
      <file href="html5/lib/stylesheets/mobile-fonts/open-sans-bold.woff" />
      <file href="html5/lib/stylesheets/mobile-fonts/open-sans-light.woff" />
      <file href="html5/lib/stylesheets/mobile-fonts/open-sans-regular.woff" />
      <file href="story.html" />
      <file href="story_flash.html" />
      <file href="story_html5.html" />
      <file href="analytics-frame.html" />
      <file href="story_content/blank.html" />
      <file href="story_content/story.js" />
      <file href="index_lms.html" />
      <file href="index_lms_html5.html" />
      <file href="index_lms_flash.html" />
      <file href="lms/AICCComm.html" />
      <file href="lms/AICCFunctions.js" />
      <file href="lms/API.js" />
      <file href="lms/APIConstants.js" />
      <file href="lms/blank.html" />
      <file href="lms/browsersniff.js" />
      <file href="lms/Configuration.js" />
      <file href="lms/goodbye.html" />
      <file href="lms/lms.js" />
      <file href="lms/LMSAPI.js" />
      <file href="lms/NONEFunctions.js" />
      <file href="lms/SCORM2004Functions.js" />
      <file href="lms/SCORMFunctions.js" />
      <file href="lms/UtilityFunctions.js" />
    </resource>
  </resources>
</manifest>