﻿<?xml version="1.0" encoding="utf-8"?><meta xmlns:xsi="http://www.w3.org/2001/XMLSchema-instance" xmlns:xsd="http://www.w3.org/2001/XMLSchema"><project id="6iIHTfbFBps" courseid="63pXVMBkqJj_course_id" thumburl="story_content/thumbnail.jpg" title="MCBF" datepublished="2022-02-02T21:51:46" version="1.0.0.0" flashdata="story_content/data.swf" html5data="mobile/data.json" mobiledata="mobile/data.gz" enabledownload="false" duration="Acerca de 15 minutos" totalaudio="586845" totalvideo="0"><description>MCBF</description><keywords /><slidemeta moniker="diapositiva" monikerplural="diapositivas" viewslides="18" slidecountdescription="18 diapositivas" /><author name="Mauricio §" email="" website="" /><application name="Articulate Storyline" version="3.8.20838.0" xmlversion="4.0" /></project></meta>